,Station_Name,ioc_code,gloss_id,latitude,longitude,Country,connection,contacts,dcp_id,last_observation_level,last_observation_time,delay,interval,added_to_system,observations_arrived_per_week,observations_expected_per_week,observations_ratio_per_week,observations_arrived_per_month,observations_expected_per_month,observations_ratio_per_month,observations_ratio_per_day,sample_interval,average_delay_per_day,transmit_interval,ioc_id,nws_id,state,status,removed,coops_id,PLATFORM_CODE,INSTITUTION,INSTITUTION_EDMO_CODE,cmems_id,Unnamed: 0,EP_PLATFORM_ID,EP_PLATFORM_TYPE,EP_PLATFORM_LINK,TIME_QC (1),SLEV_QC (1),SLEV_DM,site_code,platform_code,platform_name,pi_name,area,author,source,contributor_name,contributor_url,data_assembly_center,institution_edmo_code,institution_references,institution,wmo_platform_code,emodnet_id,filename,contributor_abbreviated,contributor_full,contributor_website,contributor_contact,orginator,originator_website,originator_contact,coordinate_system,start_date_time,end_date_time,number_of_years,time_zone_hours,datum_information,instrument,precision,null_value,gauge_type,overall_record_quality,gesla3_id,seaset_id
125,Base O'Higgins,ohig,,-63.321,-57.901,Antarctica,SXCH40,Servicio Hidrográfico y Oceanográfico de la Armada ( Chile ),ADC04BE6,1.75,14:01,4',5',2020-03-30 16:11:46,9225,10080.0,92.0,36790,43200.0,85.0,91.0,1',4',5',Base O'Higgins,,,,,,,,,,,,,,,,,,,,,,,,,,,,,,,,,,,,,,,,,,,,,,,,,,,,125
135,Puerto Deseado,dese,190.0,-47.754,-65.915,Argentina,SEPO40,Armada Argentina Servicio de Hidrografía Naval ( Argentina )+University of Hawaii Sea Level Center ( USA ),33912088,3.69,13:49,16',15',2010-03-23 20:24:00,3355,3360.0,100.0,14340,14400.0,100.0,99.0,3',5',15',Puerto Deseado,,,,,,,,,,,,,,,,,,,,,,,,,,,,,,,,,,,,,,,,,,,,,,,,,,,,135
136,Puerto Madryn,madry,191.0,-42.763,-65.031,Argentina,SEPO40,Armada Argentina Servicio de Hidrografía Naval ( Argentina )+University of Hawaii Sea Level Center ( USA ),335665D2,6.6,13:49,16',15',2010-03-23 20:24:00,3360,3360.0,100.0,14365,14400.0,100.0,100.0,3',4',15',Puerto Madryn,,,,,,,,,,,,,,,,,,,,,,,,,,,,,,,,,,,,,,,,,,,,,,,,,,,,136
139,Battery Point,bapj,,-42.892,147.338,Australia,SZAU01,National Tidal Centre/Australian Bureau of Meteorology ( Australia ),61221,0.91,14:02,3',3',2019-03-18 11:31:40,10080,10080.0,100.0,43161,43200.0,100.0,100.0,1',3',3',Battery Point,,,,,,,,,,,,,,,,,,,,,,,,,,,,,,,,,,,,,,,,,,,,,,,,,,,,139
140,Broome,brom,40.0,-18.001,122.219,Australia,SZAU01,National Tidal Centre/Australian Bureau of Meteorology ( Australia ),62650,7.69,14:02,3',3',2007-12-05 22:50:00,10080,10080.0,100.0,43161,43200.0,100.0,100.0,1',3',3',Broome,,,,,,,,,,,,,,,,,166A,,,,,,,,,,,,,,,broome-166a-aus-uhslc,UHSLC,University of Hawaii Sea Level Center,https://uhslc.soest.hawaii.edu,philiprt@hawaii.edu, National Tidal Centre (NTC)  Bureau of Meteorology (BOM)  Australia ,Unspecified,Unspecified,Unspecified,1986-07-12 02:00:00,2018-12-31 23:00:00,32.0,0.0,Unspecified,Unspecified,Unspecified,-99.9999,Coastal,No obvious issues,Broome,140
141,Burnie Tasmania,barn,,-41.05,145.915,Australia,SZAU01,National Tidal Centre/Australian Bureau of Meteorology ( Australia ),60910,2.54,14:02,3',3',2007-12-12 10:14:00,10080,10080.0,100.0,43161,43200.0,100.0,100.0,1',3',3',Burnie Tasmania,,,,,,,,,,,,,,,,,,,,,,,,,,,,,,,,,,,,,,,,,,,,,,,,,,,,141
149,DART NNE of Dampier,djve,,-15.023,117.942,Australia,web,National Tidal Centre/Australian Bureau of Meteorology ( Australia ),56003,5658.84,12:00,2h,6h,2023-02-28 15:55:28,672,672.0,100.0,2880,2880.0,100.0,100.0,15',33',6h,DART NNE of Dampier,,,,,,,,,,,,,,,,,,,,,,,,,,,,,,,,,,,,,,,,,,,,,,,,,,,,149
152,Darwin,darw,62.0,-12.472,130.846,Australia,SZAU01,National Tidal Centre/Australian Bureau of Meteorology ( Australia ),63230,3.27,14:02,3',3',2007-12-05 22:50:00,10080,10080.0,100.0,43161,43200.0,100.0,100.0,1',3',3',Darwin,,,,,,,,,,,,,,,,,168A,,,,,,,,,,,,,,,darwin-168a-aus-uhslc,UHSLC,University of Hawaii Sea Level Center,https://uhslc.soest.hawaii.edu,philiprt@hawaii.edu, National Tidal Centre (NTC)  Bureau of Meteorology (BOM)  Australia ,Unspecified,Unspecified,Unspecified,1984-01-01 00:00:00,2018-12-31 23:00:00,35.0,0.0,Unspecified,Unspecified,Unspecified,-99.9999,Coastal,No obvious issues,Darwin,152
161,Port Kembla,pkem,,-34.474,150.912,Australia,SZAU01,National Tidal Centre/Australian Bureau of Meteorology ( Australia ),60420,1.1,14:02,3',3',2007-12-05 22:50:00,10080,10080.0,100.0,43161,43200.0,100.0,100.0,1',3',3',Port Kembla,,,,,,,,,,,,,,,,,,,,,,,,,,,,,,,,,,,,,,,,,,,,,,,,,,,,161
164,PtMurat,pmur,,-21.817,114.191,Australia,SZAU01,National Tidal Centre/Australian Bureau of Meteorology ( Australia ),62430,1.95,14:02,3',10',2008-04-09 15:29:00,10080,10080.0,100.0,43161,43200.0,100.0,100.0,1',3',10',PtMurat,,,,,,,,,,,,,,,,,,,,,,,,,,,,,,,,,,,,,,,,,,,,,,,,,,,,164
165,Rosslyn Bay,ross,,-23.161,150.79,Australia,SZAU01,National Tidal Centre/Australian Bureau of Meteorology ( Australia ),59670,3.28,14:02,3',3',2007-12-05 22:50:00,10080,10080.0,100.0,43161,43200.0,100.0,100.0,1',3',3',Rosslyn Bay,,,,,,,,,,,,,,,,,,,,,,,,,,,,,,,,,,,,,,,,,,,,,,,,,,,,165
167,Spring Bay,sprg,56.0,-42.546,147.933,Australia,SZAU01,National Tidal Centre/Australian Bureau of Meteorology ( Australia ),61170,1.17,14:02,3',3',2007-12-05 22:50:00,10080,10080.0,100.0,43161,43200.0,100.0,100.0,1',3',3',Spring Bay,,,,,,,,,,,,,,,,,,,,,,,,,,,,,,,,,,,,,,,,,,,,,,,,,,,,167
168,Thevenard,thev,308.0,-32.149,133.641,Australia,SZAU01,National Tidal Centre/Australian Bureau of Meteorology ( Australia ),62000,1.1,14:02,3',3',2007-12-05 22:50:00,10080,10080.0,100.0,43113,43200.0,100.0,100.0,1',3',3',Thevenard,,,,,,,,,,,,,,,,,128A,,,,,,,,,,,,,,,thevenard-128a-aus-uhslc,UHSLC,University of Hawaii Sea Level Center,https://uhslc.soest.hawaii.edu,philiprt@hawaii.edu, National Tidal Centre (NTC)  Bureau of Meteorology (BOM)  Australia ,Unspecified,Unspecified,Unspecified,1992-03-19 13:00:00,2018-12-31 23:00:00,27.0,0.0,Unspecified,Unspecified,Unspecified,-99.9999,Coastal,No obvious issues,Thevenard,168
169,Torres Strait,trst,,-10.586,142.222,Australia,SZAU01,National Tidal Centre/Australian Bureau of Meteorology ( Australia ),58170,1.84,14:02,3',3',2019-03-20 23:41:40,10080,10080.0,100.0,43161,43200.0,100.0,100.0,1',3',3',Torres Strait,,,,,,,,,,,,,,,,,,,,,,,,,,,,,,,,,,,,,,,,,,,,,,,,,,,,169
221,Ostend,oste,,51.234,2.927,Belgium,ftp,Maritieme Dienstverlening en Kust ( Belgium ),,4.64,14:00,5',15',2013-09-05 23:55:39,2014,2016.0,100.0,8638,8640.0,100.0,100.0,5',4',15',Ostend,,,,,,,,,,,,,,,,,,,,,,,,,,,,,,,,,,,,,,,,,,,,,,,,,,,,221
235,Belém,bele,,-1.442,-48.496,Brasil,SEPO40,Instituto Brasileiro de Geografia e Estatística ( Brasil ),B5B01A70,5.22,13:58,7',5',2019-11-26 17:19:28,9542,10080.0,95.0,41125,43200.0,95.0,94.0,1',5',5',Belém,,,,,,,,,,,,,,,,,,,,,,,,,,,,,,,,,,,,,,,,,,,,,,,,,,,,235
1135,Bamfield,bamf,,48.84,-125.14,Canada,web,Fisheries and Oceans Canada ( Canada ),,1.67,14:02,3',10',2008-10-23 00:00:00,10080,10080.0,100.0,43165,43200.0,100.0,100.0,1',1',10',Bamfield,,,,,,,,,,,,,,,,,,,,,,,,,,,,,,,,,,,,,,,,,,,,,,,,,,,,1135
1145,Prince Rupert,prin,155.0,54.32,-130.32,Canada,ftp,Fisheries and Oceans Canada ( Canada ),,6.21,-down-,1111d,6h,2008-10-23 00:00:00,-down-,10080.0,0.0,-down-,43200.0,0.0,0.0,1',1',6h,Prince Rupert,,,,,,,,,,,,,,,,,,,,,,,,,,,,,,,,,,,,,,,,,,,,,,,,,,,,1145
1147,St. Johns,stjo,223.0,47.57,-52.72,Canada,web,Fisheries and Oceans Canada ( Canada ),,1.41,14:03,2',10',2008-12-11 04:00:00,10051,10080.0,100.0,43025,43200.0,100.0,100.0,1',,10',St. Johns,,,,,,,,,,,,,,,,,,,,,,,,,,,,,,,,,,,,,,,,,,,,,,,,,,,,1147
1149,Vancouver Harbor,vhbc,,49.283,-123.117,Canada,SXAK50,Fisheries and Oceans Canada ( Canada ),CD400D3A,4.08,14:03,2',5',2016-03-01 13:01:51,9350,10080.0,93.0,39850,43200.0,92.0,94.0,1',1',5',Vancouver Harbor,,,,,,,,,,,,,,,,,,,,,,,,,,,,,,,,,,,,,,,,,,,,,,,,,,,,1149
1160,Bahia Gregorio,greg,,-52.648,-70.209,Chile,SXCH40,Servicio Hidrográfico y Oceanográfico de la Armada ( Chile ),ADC1B74A,8.0,13:58,7',5',2014-06-25 21:28:34,9500,10080.0,94.0,40610,43200.0,94.0,96.0,1',4',5',Bahia Gregorio,,,,,,,,,,,,,,,,,,,,,,,,,,,,,,,,,,,,,,,,,,,,,,,,,,,,1160
1162,Base O'Higgins (ANTARCTICA),ohig3,,-63.321,-57.901,Chile,web,Servicio Hidrográfico y Oceanográfico de la Armada ( Chile ),,2.61,13:59,6',5',2020-04-16 23:17:59,10018,10080.0,99.0,43012,43200.0,100.0,97.0,1',4',5',Base O'Higgins (ANTARCTICA),,,,,,,,,,,,,,,,,,,,,,,,,,,,,,,,,,,,,,,,,,,,,,,,,,,,1162
1165,Caldera,cald,,-27.065,-70.825,Chile,SXCH40,Servicio Hidrográfico y Oceanográfico de la Armada ( Chile )+Servicio Hidrográfico y Oceanográfico de la Armada ( Chile ),ADC104C4,4.95,13:58,7',5',2008-06-16 08:57:00,9285,10080.0,92.0,39765,43200.0,92.0,93.0,1',4',5',Caldera,,,,,,,,,,,,,,,,,088A,,,,,,,,,,,,,,,caldera-088a-chl-uhslc,UHSLC,University of Hawaii Sea Level Center,https://uhslc.soest.hawaii.edu,philiprt@hawaii.edu, Servicio Hidrografico y Oceanografico de la Armada (SHOA)  CHL ,Unspecified,Unspecified,Unspecified,1980-01-01 04:00:00,1998-12-31 23:00:00,19.0,0.0,Unspecified,Unspecified,Unspecified,-99.9999,Coastal,No obvious issues,Caldera,1165
1171,Coquimbo,coqu,,-29.95,-71.335,Chile,SXCH40,Servicio Hidrográfico y Oceanográfico de la Armada ( Chile )+Servicio Hidrográfico y Oceanográfico de la Armada ( Chile ),ADC117B2,4.38,13:58,7',5',2008-06-16 08:30:00,9240,10080.0,92.0,39143,43200.0,91.0,93.0,1',4',5',Coquimbo,,,,,,,,,,,,,,,,,,,,,,,,,,,,,,,,,,,,,,,,,,,,,,,,,,,,1171
1173,Corral,corr,,-39.887,-73.427,Chile,SXCH40,Servicio Hidrográfico y Oceanográfico de la Armada ( Chile )+Servicio Hidrográfico y Oceanográfico de la Armada ( Chile ),14066424,4.95,13:59,6',5',2008-06-16 07:42:00,8655,10080.0,86.0,36295,43200.0,84.0,87.0,1',6',5',Corral,,,,,,,,,,,,,,,,,,,,,,,,,,,,,,,,,,,,,,,,,,,,,,,,,,,,1173
1189,Pichidangui,pich,,-32.136,-71.529,Chile,SXCH40,Servicio Hidrográfico y Oceanográfico de la Armada ( Chile ),35402444,8.62,2023-10-10 14:20,7d,5',2019-04-15 22:40:59,10073,10080.0,0.0,38836,43200.0,90.0,0.0,1',4',5',Pichidangui,,,,,,,,,,,,,,,,,,,,,,,,,,,,,,,,,,,,,,,,,,,,,,,,,,,,1189
1193,Puerto Aldea,ptal,,-30.292,-71.608,Chile,SXCH40,Servicio Hidrográfico y Oceanográfico de la Armada ( Chile )+Servicio Hidrográfico y Oceanográfico de la Armada ( Chile ),ADC1D2AC,4.26,13:58,7',5',2018-07-18 10:17:09,9400,10080.0,93.0,40777,43200.0,94.0,93.0,1',5',5',Puerto Aldea,,,,,,,,,,,,,,,,,,,,,,,,,,,,,,,,,,,,,,,,,,,,,,,,,,,,1193
1194,Puerto Chacabuco,pcha,,-45.467,-72.82,Chile,SXCH40,Servicio Hidrográfico y Oceanográfico de la Armada ( Chile )+Servicio Hidrográfico y Oceanográfico de la Armada ( Chile ),ADC020D2,5.22,13:58,7',5',2008-07-02 12:56:00,9400,10080.0,93.0,41025,43200.0,95.0,83.0,1',4',5',Puerto Chacabuco,,,,,,,,,,,,,,,,,,,,,,,,,,,,,,,,,,,,,,,,,,,,,,,,,,,,1194
1199,Puerto Williams,pwil,,-54.933,-67.611,Chile,SXCH40,Servicio Hidrográfico y Oceanográfico de la Armada ( Chile )+Servicio Hidrográfico y Oceanográfico de la Armada ( Chile ),ADC033A4,3.74,13:58,7',5',2008-06-16 08:21:00,8455,10080.0,84.0,36255,43200.0,84.0,86.0,1',5',5',Puerto Williams,,,,,,,,,,,,,,,,,,,,,,,,,,,,,,,,,,,,,,,,,,,,,,,,,,,,1199
1203,Quintero,qtro,,-32.775,-71.525,Chile,SXCH40,Servicio Hidrográfico y Oceanográfico de la Armada ( Chile ),ADC2662C,4.29,14:01,4',5',2015-07-06 16:46:12,9141,10080.0,91.0,38580,43200.0,89.0,92.0,1',4',5',Quintero,,,,,,,,,,,,,,,,,,,,,,,,,,,,,,,,,,,,,,,,,,,,,,,,,,,,1203
1204,Quiriquina,quir,,-36.636,-73.057,Chile,SXCH40,Servicio Hidrográfico y Oceanográfico de la Armada ( Chile ),ADC2755A,4.89,14:01,4',5',2013-04-19 21:15:16,8754,10080.0,87.0,36646,43200.0,85.0,91.0,1',4',5',Quiriquina,,,,,,,,,,,,,,,,,,,,,,,,,,,,,,,,,,,,,,,,,,,,,,,,,,,,1204
1208,Talcahuano,talc,,-36.701,-73.106,Chile,SXCH40,Servicio Hidrográfico y Oceanográfico de la Armada ( Chile )+Servicio Hidrográfico y Oceanográfico de la Armada ( Chile ),ADC0C320,4.89,13:55,10',5',2008-06-16 08:31:00,9450,10080.0,94.0,40735,43200.0,94.0,95.0,1',6',5',Talcahuano,,,,,,,,,,,,,,,,,,,,,,,,,,,,,,,,,,,,,,,,,,,,,,,,,,,,1208
1739,Suva Viti Levu,viti,122.0,-18.134,178.424,Fiji Islands,SZPS01,+National Tidal Centre/Australian Bureau of Meteorology ( Australia ),67050,0.65,14:02,3',3',2008-01-22 00:20:00,10080,10080.0,100.0,43161,43200.0,100.0,100.0,1',3',3',Suva Viti Levu,,,,,,,,,,,,,,,,,,,,,,,,,,,,,,,,,,,,,,,,,,,,,,,,,,,,1739
1757,Cherbourg,cher,,49.65,-1.63,France,ftp,Service hydrographique et océanographique de la marine ( France )+Service hydrographique et océanographique de la marine ( France ),,2.3,14:00,5',5',2008-12-20 12:03:18,10061,10080.0,100.0,42729,43200.0,99.0,100.0,1',2',5',Cherbourg,,,,,,CherbourgTG,SHOM  Service Hydrographique et Oceanographique de la Marine,540.0,Cherbourg,,,,,,,,13,,,,,,,,,,,,,,,cherbourg-13-fra-refmar,REFMAR,Réseaux de référence des observations marégraphiques (Reference networks for tidal observations),http://refmar.shom.fr/en,refmar@shom.fr,Réseaux de référence des observations marégraphiques (Reference networks for tidal observations),http://refmar.shom.fr/en,refmar@shom.fr,Unspecified,1943-03-30 23:00:00,2020-10-26 23:00:00,50.0,0.0,Zero Hydrographique,Unspecified,Unspecified,-99.9999,Coastal,No obvious issues,Cherbourg,1757
1768,Dzaoudzi (Mayotte),dzao,96.0,-12.783,45.258,France,ftp,Service hydrographique et océanographique de la marine ( France )+Service hydrographique et océanographique de la marine ( France ),,3.58,13:59,6',5',2008-12-12 06:56:03,10070,10080.0,100.0,42841,43200.0,99.0,100.0,1',3',5',Dzaoudzi (Mayotte),,,,,,,,,,,,,,,,,,,,,,,,,,,,,,,,,,,,,,,,,,,,,,,,,,,,1768
1783,L'Herbaudière,herb,,47.026,-2.299,France,ftp,Service hydrographique et océanographique de la marine ( France )+Service hydrographique et océanographique de la marine ( France ),,4.12,14:00,5',5',2014-06-11 13:27:14,10041,10080.0,100.0,42819,43200.0,99.0,100.0,1',2',5',L'Herbaudière,,,,,,,,,,,,,,,,,,,,,,,,,,,,,,,,,,,,,,,,,,,,,,,,,,,,1783
1801,"Maré (New Caledonia, Loyalty Islands)",mare,,-21.548,167.877,France,SZNC41,Service hydrographique et océanographique de la marine ( France ),06520AA8,0.51,14:01,4',6',2012-05-04 08:41:08,9966,10080.0,99.0,42630,43200.0,99.0,99.0,1',3',6',"Maré (New Caledonia, Loyalty Islands)",,,,,,,,,,,,,,,,,,,,,,,,,,,,,,,,,,,,,,,,,,,,,,,,,,,,1801
1808,"Nuku Hiva (Marquesas, French Polynesia)",nuku,142.0,-8.915,-140.085,France,SEPO40,Commissariat à l'Energie Atomique ( France )+University of Hawaii Sea Level Center ( USA ),3540D4C0,6.18,14:01,4',5',2008-06-23 11:32:00,9880,10080.0,98.0,42478,43200.0,98.0,98.0,1',5',5',"Nuku Hiva (Marquesas, French Polynesia)",,,,,,,,,,,,,,,,,,,,,,,,,,,,,,,,,,,,,,,,,,,,,,,,,,,,1808
1843,Saint-Quay-Portrieux,stqy,,48.648,-2.822,France,ftp,Service hydrographique et océanographique de la marine ( France )+Service hydrographique et océanographique de la marine ( France ),,2.08,14:00,5',5',2018-10-04 10:55:00,10036,10080.0,100.0,42782,43200.0,99.0,100.0,1',2',5',Saint-Quay-Portrieux,,,,,,SaintQuayPortrieuxTG,SHOM  Service Hydrographique et Oceanographique de la Marine,540.0,Saint-Quay-Portrieux,,,,,,,,,,,,,,,,,,,,,,,,,,,,,,,,,,,,,,,,,,,1843
1844,Saint-Quay-Portrieux 2,stqy2,,48.648,-2.822,France,SZFR01,Service hydrographique et océanographique de la marine ( France )+Service hydrographique et océanographique de la marine ( France ),FR0506,2.07,13:57,8',6',2018-10-04 11:01:04,9984,10080.0,99.0,42720,43200.0,99.0,100.0,1',8',6',Saint-Quay-Portrieux 2,,,,,,,,,,,,,,,,,,,,,,,,,,,,,,,,,,,,,,,,,,,,,,,,,,,,1844
1857,Tubuai (Austral Islands - French Polynesia),tubua,356.0,-23.342,-149.476,France,SEHI40,University of French Polynesia ( France )+Service hydrographique et océanographique de la marine ( France )+Commissariat à l'Energie Atomique ( France ),FFF0073A,0.63,13:50,15',15',2010-02-23 09:02:00,9855,10080.0,98.0,42870,43200.0,99.0,96.0,1',3',15',Tubuai (Austral Islands - French Polynesia),,,,,,,,,,,,,,,,,,,,,,,,,,,,,,,,,,,,,,,,,,,,,,,,,,,,1857
1915,Cuxhaven,cuxh,284.0,53.868,8.717,Germany,web,German Federal Waterways and Shipping Administration ( Germany )+Informationstechnikzentrum Bund ( Germany ),,6.8,13:51,14',5',2008-08-04 22:00:00,10077,10080.0,100.0,43096,43200.0,100.0,100.0,1',6',5',Cuxhaven,,,,,,,,,,,,,,,,,825A,,,,,,,,,,,,,,,cuxhaven-825a-deu-uhslc,UHSLC,University of Hawaii Sea Level Center,https://uhslc.soest.hawaii.edu,philiprt@hawaii.edu, German Federal Institute of Hydrology (BfG)  Germany,Unspecified,Unspecified,Unspecified,1917-12-29 09:00:00,2018-12-31 23:00:00,102.0,0.0,Unspecified,Unspecified,Unspecified,-99.9999,Coastal,No obvious issues,Cuxhaven,1915
1916,Helgoland Binnenhafen,helg,,54.176,7.891,Germany,web,German Federal Waterways and Shipping Administration ( Germany )+Informationstechnikzentrum Bund ( Germany ),,5.97,13:51,14',5',2010-05-04 17:18:56,10080,10080.0,100.0,42987,43200.0,100.0,100.0,1',7',5',Helgoland Binnenhafen,,,,,,,,,,,,,,,,,,,,,,,,,,,,,,,,,,,,,,,,,,,,,,,,,,,,1916
1917,Hörnum,horn,,54.758,8.297,Germany,web,German Federal Waterways and Shipping Administration ( Germany )+Informationstechnikzentrum Bund ( Germany ),,6.2,13:51,14',5',2010-05-04 17:18:59,10080,10080.0,100.0,43200,43200.0,100.0,100.0,1',5',5',Hörnum,,,,,,,,,,,,,,,,,,,,,,,,,,,,,,,,,,,,,,,,,,,,,,,,,,,,1917
1928,Itea,itea,,38.43,22.42,Greece,web,National Observatory of Athens ( Greece )+Joint Research Centre ( Europe ),,0.46,14:01,4',3',2018-10-29 21:19:09,10068,10080.0,100.0,43196,43200.0,100.0,100.0,1',2',3',Itea,,,,,,,,,,,,,,,,,,,,,,,,,,,,,,,,,,,,,,,,,,,,,,,,,,,,1928
2137,Lampedusa,LA23,,35.5,12.604,Italy,web,Istituto Superiore per la Protezione e la Ricerca Ambientale ( Italy ),,0.34,13:58,7',5',2010-09-13 18:20:14,10076,10080.0,100.0,43002,43200.0,100.0,100.0,1',3',5',Lampedusa,,,,,,,,,,,,,,,,,LAM,,,,,,,,,,,,,,,lampedusa-lam-ita-ispra,ISPRA,Instituto Superiore per la Protezione e la Ricerca Ambientale (Higher Institute for Environmental Protection and Research),https://mareografico.it,retemareografica@isprambiente.it,Instituto Superiore per la Protezione e la Ricerca Ambientale (Higher Institute for Environmental Protection and Research),https://mareografico.it,retemareografica@isprambiente.it,Unspecified,1999-01-01 00:10:00,2021-05-10 06:40:00,23.0,0.0,Unspecified,Unspecified,Unspecified,-99.9999,Coastal,Possible quality control issues,Lampedusa,2137
2354,Aburatsu,abur,82.0,31.58,131.41,Japan,SWJP40,Japan Meteorological Agency ( Japan ),ABURATSU,2.04,13:49,16',10',2012-03-21 10:09:41,10060,10080.0,100.0,43130,43200.0,100.0,99.0,1',9',10',Aburatsu,,,,,,,,,,,,,,,,,354A,,,,,,,,,,,,,,,aburatsu-354a-jpn-uhslc,UHSLC,University of Hawaii Sea Level Center,https://uhslc.soest.hawaii.edu,philiprt@hawaii.edu, Japan Meteorological Agency  Japan ,Unspecified,Unspecified,Unspecified,1961-01-01 00:00:00,2018-12-31 14:00:00,58.0,0.0,Unspecified,Unspecified,Unspecified,-99.9999,Coastal,No obvious issues,Aburatsu,2354
2359,Fukaura,fuka,,40.65,139.93,Japan,SWJP40,Japan Meteorological Agency ( Japan ),FUKAURA,2.4,13:49,16',10',2012-03-21 10:13:53,10060,10080.0,100.0,43130,43200.0,100.0,99.0,1',9',10',Fukaura,,,,,,,,,,,,,,,,,MA57,,,,,,,,,,,,,,,fukaura-ma57-jpn-jodc_jma,JODC_JMA,Japan Oceanographic Data Center,https://jdoss1.jodc.go.jp/vpage/tide.html,analysis@jodc.go.jp,Japan Meteorological Agency,https://jdoss1.jodc.go.jp/vpage/tide.html,analysis@jodc.go.jp,Unspecified,1971-12-31 15:00:00,2019-12-31 14:00:00,48.0,0.0,Zero of Tide Height,Float,Unspecified,-99.9999,Coastal,No obvious issues,Fukaura,2359
2361,Hamada,hmda,326.0,34.9,132.07,Japan,SWJP40,Japan Meteorological Agency ( Japan ),HAMADA,2.6,13:49,16',10',2012-03-21 10:11:38,10060,10080.0,100.0,43130,43200.0,100.0,99.0,1',9',10',Hamada,,,,,,,,,,,,,,,,,348A,,,,,,,,,,,,,,,hamada-348a-jpn-uhslc,UHSLC,University of Hawaii Sea Level Center,https://uhslc.soest.hawaii.edu,philiprt@hawaii.edu, Japan Oceanographic Data Center  Japan ,Unspecified,Unspecified,Unspecified,1984-02-29 15:00:00,2018-12-31 14:00:00,35.0,0.0,Unspecified,Unspecified,Unspecified,-99.9999,Coastal,No obvious issues,Hamada,2361
2362,Hanasaki,hana,,43.28,145.57,Japan,SWJP40,Japan Meteorological Agency ( Japan ),HANASAKI,0.5,13:49,16',10',2008-05-15 13:59:00,10060,10080.0,100.0,43130,43200.0,100.0,99.0,1',9',10',Hanasaki,,,,,,,,,,,,,,,,,MA03,,,,,,,,,,,,,,,hanasaki-ma03-jpn-jodc_jma,JODC_JMA,Japan Oceanographic Data Center,https://jdoss1.jodc.go.jp/vpage/tide.html,analysis@jodc.go.jp,Japan Meteorological Agency,https://jdoss1.jodc.go.jp/vpage/tide.html,analysis@jodc.go.jp,Unspecified,1963-12-31 15:00:00,2019-12-31 14:00:00,56.0,0.0,Zero of Tide Height,Float,Unspecified,-99.9999,Coastal,Possible datum issues,Hanasaki,2362
2363,Ishigakijima,ishig,,24.33,124.16,Japan,SWJP40,Japan Meteorological Agency ( Japan ),ISHIGAKIJIMA,2.21,13:49,16',10',2008-05-15 13:59:00,10060,10080.0,100.0,43130,43200.0,100.0,99.0,1',9',10',Ishigakijima,,,,,,,,,,,,,,,,,,,,,,,,,,,,,,,,,,,,,,,,,,,,,,,,,,,,2363
2364,Kushimoto,kusm,85.0,33.48,135.77,Japan,SWJP40,Japan Meteorological Agency ( Japan ),KUSHIMOTO,1.95,13:49,16',10',2012-03-21 10:08:14,10060,10080.0,100.0,43130,43200.0,100.0,99.0,1',9',10',Kushimoto,,,,,,,,,,,,,,,,,353A,,,,,,,,,,,,,,,kushimoto-353a-jpn-uhslc,UHSLC,University of Hawaii Sea Level Center,https://uhslc.soest.hawaii.edu,philiprt@hawaii.edu, Japan Meteorological Agency  Japan ,Unspecified,Unspecified,Unspecified,1961-01-01 00:00:00,2018-12-31 14:00:00,58.0,0.0,Unspecified,Unspecified,Unspecified,-99.9999,Coastal,No obvious issues,Kushimoto,2364
2365,Kushiro,kush,89.0,42.98,144.37,Japan,SWJP40,Japan Meteorological Agency ( Japan ),KUSHIRO,1.31,13:49,16',10',2012-03-21 10:00:20,10060,10080.0,100.0,43130,43200.0,100.0,99.0,1',9',10',Kushiro,,,,,,,,,,,,,,,,,350A,,,,,,,,,,,,,,,kushiro-350a-jpn-uhslc,UHSLC,University of Hawaii Sea Level Center,https://uhslc.soest.hawaii.edu,philiprt@hawaii.edu, Japan Meteorological Agency  Japan ,Unspecified,Unspecified,Unspecified,1963-01-01 00:00:00,2018-12-31 14:00:00,55.0,0.0,Unspecified,Unspecified,Unspecified,-99.9999,Coastal,No obvious issues,Kushiro,2365
2368,Nagasaki,naga,83.0,32.74,129.87,Japan,SWJP40,Japan Meteorological Agency ( Japan ),NAGASAKI,3.0,13:49,16',10',2012-03-21 10:10:47,10060,10080.0,100.0,43130,43200.0,100.0,99.0,1',9',10',Nagasaki,,,,,,,,,,,,,,,,,362A,,,,,,,,,,,,,,,nagasaki-362a-jpn-uhslc,UHSLC,University of Hawaii Sea Level Center,https://uhslc.soest.hawaii.edu,philiprt@hawaii.edu, Japan Meteorological Agency  Japan ,Unspecified,Unspecified,Unspecified,1985-01-01 00:00:00,2018-12-31 14:00:00,34.0,0.0,Unspecified,Unspecified,Unspecified,-99.9999,Coastal,No obvious issues,Nagasaki,2368
2369,Naha,naha,81.0,26.21,127.67,Japan,SWJP40,Japan Meteorological Agency ( Japan ),NAHA,2.43,13:49,16',10',2008-05-15 13:59:00,10060,10080.0,100.0,43130,43200.0,100.0,99.0,1',9',10',Naha,,,,,,,,,,,,,,,,,355A,,,,,,,,,,,,,,,naha-355a-jpn-uhslc,UHSLC,University of Hawaii Sea Level Center,https://uhslc.soest.hawaii.edu,philiprt@hawaii.edu, Japan Meteorological Agency  Japan ,Unspecified,Unspecified,Unspecified,1966-07-31 15:00:00,2018-12-31 14:00:00,53.0,0.0,Unspecified,Unspecified,Unspecified,-99.9999,Coastal,No obvious issues,Naha,2369
2372,Omaezaki,omae,,34.61,138.22,Japan,SWJP40,Japan Meteorological Agency ( Japan ),OMAEZAKI,1.84,13:49,16',10',2008-05-15 13:59:00,10060,10080.0,100.0,43130,43200.0,100.0,99.0,1',9',10',Omaezaki,,,,,,,,,,,,,,,,,MA20,,,,,,,,,,,,,,,omaezaki-ma20-jpn-jodc_jma,JODC_JMA,Japan Oceanographic Data Center,https://jdoss1.jodc.go.jp/vpage/tide.html,analysis@jodc.go.jp,Japan Meteorological Agency,https://jdoss1.jodc.go.jp/vpage/tide.html,analysis@jodc.go.jp,Unspecified,1960-12-31 15:00:00,2019-12-31 14:00:00,60.0,0.0,Zero of Tide Height,Float,Unspecified,-99.9999,Coastal,No obvious issues,Omaezaki,2372
2373,Sado,sado,,38.32,138.52,Japan,SWJP40,Japan Meteorological Agency ( Japan ),SADO,2.22,13:49,16',10',2012-03-21 10:14:35,10060,10080.0,100.0,43130,43200.0,100.0,99.0,1',9',10',Sado,,,,,,,,,,,,,,,,,MA79,,,,,,,,,,,,,,,sado-ma79-jpn-jodc_jma,JODC_JMA,Japan Oceanographic Data Center,https://jdoss1.jodc.go.jp/vpage/tide.html,analysis@jodc.go.jp,Japan Meteorological Agency,https://jdoss1.jodc.go.jp/vpage/tide.html,analysis@jodc.go.jp,Unspecified,1996-12-31 15:00:00,2019-12-31 14:00:00,24.0,0.0,Zero of Tide Height,Float,Unspecified,-99.9999,Coastal,No obvious issues,Sado,2373
2374,Saigo,saig,,36.2,133.33,Japan,SWJP40,Japan Meteorological Agency ( Japan ),SAIGO,2.29,13:49,16',10',2012-03-21 10:16:16,10060,10080.0,100.0,43130,43200.0,100.0,99.0,1',9',10',Saigo,,,,,,,,,,,,,,,,,MA54,,,,,,,,,,,,,,,saigo-ma54-jpn-jodc_jma,JODC_JMA,Japan Oceanographic Data Center,https://jdoss1.jodc.go.jp/vpage/tide.html,analysis@jodc.go.jp,Japan Meteorological Agency,https://jdoss1.jodc.go.jp/vpage/tide.html,analysis@jodc.go.jp,Unspecified,1960-12-31 15:00:00,2019-12-31 14:00:00,60.0,0.0,Zero of Tide Height,Float,Unspecified,-99.9999,Coastal,No obvious issues,Saigo,2374
2375,Tosashimizu,tosa,,32.78,132.96,Japan,SWJP40,Japan Meteorological Agency ( Japan ),TOSASHIMIZU,1.99,13:49,16',10',2008-05-15 13:59:00,10060,10080.0,100.0,43130,43200.0,100.0,99.0,1',9',10',Tosashimizu,,,,,,,,,,,,,,,,,MA39,,,,,,,,,,,,,,,tosashimizu-ma39-jpn-jodc_jma,JODC_JMA,Japan Oceanographic Data Center,https://jdoss1.jodc.go.jp/vpage/tide.html,analysis@jodc.go.jp,Japan Meteorological Agency,https://jdoss1.jodc.go.jp/vpage/tide.html,analysis@jodc.go.jp,Unspecified,1960-12-31 15:00:00,2019-12-31 14:00:00,60.0,0.0,Zero of Tide Height,Float,Unspecified,-99.9999,Coastal,No obvious issues,Tosashimizu,2375
2377,Wakkanai,waka,324.0,45.41,141.69,Japan,SWJP40,Japan Meteorological Agency ( Japan ),WAKKANAI,2.38,13:49,16',10',2012-03-21 09:53:17,10060,10080.0,100.0,43130,43200.0,100.0,99.0,1',9',10',Wakkanai,,,,,,,,,,,,,,,,,360A,,,,,,,,,,,,,,,wakkanai-360a-jpn-uhslc,UHSLC,University of Hawaii Sea Level Center,https://uhslc.soest.hawaii.edu,philiprt@hawaii.edu, Japan Meteorological Agency  Japan ,Unspecified,Unspecified,Unspecified,1967-01-01 00:00:00,2018-12-31 14:00:00,52.0,0.0,Unspecified,Unspecified,Unspecified,-99.9999,Coastal,No obvious issues,Wakkanai,2377
2385,Kanton,kant,145.0,-2.801,-171.718,Kiribati,SEPA40,Kiribati Met Office ( Kiribati )+University of Hawaii Sea Level Center ( USA ),354305A6,2.37,14:00,5',15',2008-04-25 11:15:00,1989,2016.0,99.0,8526,8640.0,99.0,99.0,5',4',15',Kanton,,,,,,,,,,,,,,,,,013B,,,,,,,,,,,,,,,kanton-013b-kir-uhslc,UHSLC,University of Hawaii Sea Level Center,https://uhslc.soest.hawaii.edu,philiprt@hawaii.edu, University of Hawaii Sea Level Center (UHSLC)  USA ,Unspecified,Unspecified,Unspecified,1972-05-02 00:00:00,2018-12-31 23:00:00,43.0,0.0,Unspecified,Unspecified,Unspecified,-99.9999,Coastal,No obvious issues,Kanton,2385
2493,Huatulco,huat,,15.75,-96.117,Mexico,SOMX10,Universidad Nacional Autónoma de México ( Mexico ),01010358,0.97,13:56,9',30',2014-05-19 10:33:46,9930,10080.0,99.0,42570,43200.0,99.0,98.0,1',8',30',Huatulco,,,,,,,,,,,,,,,,,409,,,,,,,,,,,,,,,huatulco-409-mex-unam,UNAM,Service Mareographic National Institute of Geophysics National Autonomous University of Mexico,http://www.mareografico.unam.mx/portal/,mareografico@geofisica.unam.mx,Service Mareographic National Institute of Geophysics National Autonomous University of Mexico,http://www.mareografico.unam.mx/portal/,mareografico@geofisica.unam.mx,Unspecified,2010-01-01 00:00:00,2015-12-31 23:00:00,6.0,0.0,Unspecified,Unspecified,Unspecified,-99.9999,Coastal,No obvious issues,Huatulco,2493
2763,Charleston,chst,,-41.903,171.434,New Zealand,SZNZ01,Land Information New Zealand ( New Zealand ),CHST,3.14,13:59,6',3',2019-04-01 14:14:28,10080,10080.0,100.0,43158,43200.0,100.0,100.0,1',5',3',Charleston,CHAO3,OR,active,"2023-06-24 00:00:00,2021-08-21 11:00:00,2021-08-21 00:00:00,2019-05-24 17:00:00,2017-05-10 16:24:00,2016-05-20 16:45:00,2015-04-17 17:25:00,2014-05-09 18:00:00,2014-05-09 11:00:00,2013-08-21 17:04:00,2012-03-27 15:30:00,2012-03-24 00:00:00,2012-03-20 00:00:00,2012-03-15 00:00:00,2011-04-26 00:00:00,2010-07-22 00:00:00,2010-07-19 23:59:00,2010-07-19 00:00:00,2010-05-22 00:00:00,2010-05-21 00:00:00,2010-05-20 00:00:00,2009-07-16 00:00:00,2008-07-11 00:00:00,2006-08-15 16:10:00,2006-08-15 16:10:00,2006-08-15 16:09:00,2006-08-15 16:09:00,2006-08-15 00:00:00,2005-08-23 00:00:00,2004-09-16 00:00:00,2003-09-13 00:00:00,2002-09-08 00:00:00,2001-12-11 00:00:00,2001-09-25 00:00:00,1999-04-08 00:00:00,1998-08-18 00:00:00,1997-08-02 00:00:00,1996-10-29 00:00:00,1995-09-09 23:00:00,1994-05-21 23:00:00,1994-05-20 23:00:00,1993-09-25 00:00:00,1992-09-02 00:00:00",Charleston,,,,,,,,,,,,8665530,,,,,,,,,,,,,,,charleston-8665530-usa-noaa,NOAA,National Oceanic and Atmospheric Administration,https://api.tidesandcurrents.noaa.gov/api/prod/,co-ops.userservices@noaa.gov,National Oceanic and Atmospheric Administration,https://api.tidesandcurrents.noaa.gov/api/prod/,co-ops.userservices@noaa.gov,Unspecified,1901-01-01 01:00:00,2021-08-31 23:00:00,105.0,0.0,Station Datum,Unspecified,Unspecified,-99.9999,Coastal,No obvious issues,Charleston,2763
2798,Andenes,ande,322.0,69.326,16.135,Norway,web,Norwegian Hydrographic Service ( Norway ),,1.88,11:10,3h,10',2008-12-16 23:00:00,1008,1008.0,100.0,4320,4320.0,100.0,100.0,10',6',10',Andenes,,,,,,AndenesTG,Norwegian Hydrographic Service,543,,,,,,,,,800A,,,,,,,,,,,,,,,andenes-800a-nor-uhslc,UHSLC,University of Hawaii Sea Level Center,https://uhslc.soest.hawaii.edu,philiprt@hawaii.edu, Norwegian Hydrographic Services (NHS)  Norway ,Unspecified,Unspecified,Unspecified,1991-10-09 20:00:00,2018-12-31 23:00:00,28.0,0.0,Unspecified,Unspecified,Unspecified,-99.9999,Coastal,No obvious issues,Andenes,2798
2806,Honningsvåg,honn,,70.98,25.973,Norway,web,Norwegian Hydrographic Service ( Norway ),,0.96,11:10,3h,10',2008-12-17 23:00:00,864,1008.0,86.0,4320,4320.0,100.0,100.0,10',6',10',Honningsvåg,,,,,,,,,,,,,,,,,,,,,,,,,,,,,,,,,,,,,,,,,,,,,,,,,,,,2806
2811,Måløy,malo,,61.933,5.117,Norway,web,Norwegian Hydrographic Service ( Norway ),,2.04,11:10,3h,10',2008-12-17 23:00:00,1008,1008.0,100.0,4320,4320.0,100.0,100.0,10',6',10',Måløy,,,,,,,,,,,,,,,,,,,,,,,,,,,,,,,,,,,,,,,,,,,,,,,,,,,,2811
2816,Rørvik,rorv,234.0,64.859,11.23,Norway,web,Norwegian Hydrographic Service ( Norway ),,2.72,11:10,3h,10',2008-12-16 23:00:00,1008,1008.0,100.0,4320,4320.0,100.0,100.0,10',6',10',Rørvik,,,,,,RorvikTG,Norwegian Hydrographic Service,543,,,,,,,,,,,,,,,,,,,,,,,,,,,,,,,,,,,,,,,,,,,,2816
2820,Tregde,treg,321.0,58.006,7.555,Norway,web,Norwegian Hydrographic Service ( Norway ),,0.59,11:10,3h,10',2008-12-16 23:00:00,1008,1008.0,100.0,4320,4320.0,100.0,100.0,10',6',10',Tregde,,,,,,TregdeTG,Norwegian Hydrographic Service,543,,,,,,,,,804A,,,,,,,,,,,,,,,tregde-804a-nor-uhslc,UHSLC,University of Hawaii Sea Level Center,https://uhslc.soest.hawaii.edu,philiprt@hawaii.edu, Norwegian Hydrographic Services (NHS)  Norway ,Unspecified,Unspecified,Unspecified,1927-10-04 23:00:00,2018-12-31 23:00:00,92.0,0.0,Unspecified,Unspecified,Unspecified,-99.9999,Coastal,No obvious issues,Tregde,2820
2823,Vardø,vard,323.0,70.375,31.104,Norway,web,Norwegian Hydrographic Service ( Norway ),,0.61,11:10,3h,10',2008-12-16 23:00:00,1008,1008.0,100.0,4320,4320.0,100.0,100.0,10',6',10',Vardø,,,,,,,,,,,,,,,,,,,,,,,,,,,,,,,,,,,,,,,,,,,,,,,,,,,,2823
2923,Davao,davo,71.0,7.154,125.663,Philippines,SWPH41,National Mapping and Resource Information Authority ( Philippines )+University of Hawaii Sea Level Center ( USA ),06505F20,7.43,13:56,9',6',2007-12-09 17:55:00,10056,10080.0,100.0,43116,43200.0,100.0,100.0,1',4',6',Davao,,,,,,,,,,,,,,,,,372B,,,,,,,,,,,,,,,davao-372b-phl-uhslc,UHSLC,University of Hawaii Sea Level Center,https://uhslc.soest.hawaii.edu,philiprt@hawaii.edu, 2007\u2013present  University of Hawaii Sea Level Center (UHSLC)  USA; origination\u20132007  National Mapping Resource Information Authority  Coast and Geodetic Survey Department  Philippines ,Unspecified,Unspecified,Unspecified,1998-01-01 00:00:00,2018-12-31 23:00:00,18.0,0.0,Unspecified,Unspecified,Unspecified,-99.9999,Coastal,Possible quality control issues,Davao,2923
3069,DART NW of Apia,dapi,,-9.518,-176.247,Samoa,web,National Ocean Service-NOAA ( USA ),DD51425,4951.1,12:00,2h,6h,2023-02-28 15:55:28,672,672.0,100.0,2844,2880.0,99.0,100.0,15',33',6h,DART NW of Apia,,,,,,,,,,,,,,,,,,,,,,,,,,,,,,,,,,,,,,,,,,,,,,,,,,,,3069
3102,ElHierro,hie2,,27.784,-17.902,Spain,ftp,Puertos del Estado ( Spain ),,2.39,14:09,-4',4',2014-01-16 15:41:43,9830,10080.0,98.0,41809,43200.0,97.0,96.0,1',-3',4',ElHierro,,,,,,,,,,,,,,,,,ElH,,,,,,,,,,,,,,,elhierro-elh-esp-cmems,CMEMS,Copernicus Marine Environment Monitoring Service,https://resources.marine.copernicus.eu/?option=com_csw&view=details&product_id=INSITU_GLO_NRT_OBSERVATIONS_013_618,instacco@ifremer.fr,Puertos del Estado (Spain),http://www.puertos.es/,mar@puertos.es cmems-service@puertos.es,Unspecified,2004-05-20 15:00:00,2021-01-31 23:00:00,18.0,0.0,Harbour Local Datum,Unspecified,Unspecified,-99.9999,Coastal,No obvious issues,ElHierro,3102
3106,Fuerteventura,fue2,,28.493,-13.858,Spain,ftp,Puertos del Estado ( Spain ),,2.62,14:01,4',4',2014-01-16 15:41:43,10069,10080.0,100.0,41388,43200.0,96.0,100.0,1',4',4',Fuerteventura,,,,,,,,,,,,,,,,,Fue,,,,,,,,,,,,,,,fuerteventura-fue-esp-cmems,CMEMS,Copernicus Marine Environment Monitoring Service,https://resources.marine.copernicus.eu/?option=com_csw&view=details&product_id=INSITU_GLO_NRT_OBSERVATIONS_013_626,instacco@ifremer.fr,Puertos del Estado (Spain),http://www.puertos.es/,mar@puertos.es cmems-service@puertos.es,Unspecified,2004-01-01 00:00:00,2021-01-31 23:00:00,18.0,0.0,Harbour Local Datum,Unspecified,Unspecified,-99.9999,Coastal,No obvious issues,Fuerteventura,3106
3112,La Coruña,coru,243.0,43.367,-8.4,Spain,web,Instituto Español de Oceanografía ( Spain ),,2.91,07:51,6h,1d,2008-08-18 00:00:00,,2016.0,0.0,13688,8640.0,158.0,0.0,5',,1d,La Coruña,,,,,,,,,,,,,,,,,,,,,,,,,,,,,,,,,,,,,,,,,,,,,,,,,,,,3112
3144,Arko,arko,,58.484,16.961,Sweden,web,Swedish Meteorological and Hydrological Institute ( Sweden )+Swedish Maritime Administration ( Sweden ),,0.45,13:00,1h,1h,2021-10-18 15:08:47,10077,10080.0,100.0,43080,43200.0,100.0,100.0,1',27',1h,Arko,,,,,,,,,,,,,,,,,2545,,,,,,,,,,,,,,,arko-2545-swe-smhi,SMHI,Swedish Meteorological and Hydrological Institute,"https://www.smhi.se/data/oceanografi/ladda-ner-oceanografiska-observationer/#param=sealevelMinutes,stations=all",smhi@smhi.se,Swedish Meteorological and Hydrological Institute,"https://www.smhi.se/data/oceanografi/ladda-ner-oceanografiska-observationer/#param=sealevelMinutes,stations=all",smhi@smhi.se,Unspecified,2014-04-02 07:50:00,2021-04-17 00:00:00,8.0,0.0,RH 2000 (Swedish National Height System 2000),Unspecified,Unspecified,-99.9999,Coastal,No obvious issues,Arko,3144
3153,Forsmark,fors,,60.409,18.211,Sweden,web,Swedish Meteorological and Hydrological Institute ( Sweden )+Swedish Maritime Administration ( Sweden ),,0.49,13:00,1h,1h,2021-10-18 15:03:09,10079,10080.0,100.0,43187,43200.0,100.0,100.0,1',29',1h,Forsmark,,,,,,Forsmark,SMHI,545.0,Forsmark,,,,,,,,2179,,,,,,,,,,,,,,,forsmark-2179-swe-smhi,SMHI,Swedish Meteorological and Hydrological Institute,"https://www.smhi.se/data/oceanografi/ladda-ner-oceanografiska-observationer/#param=sealevelMinutes,stations=all",smhi@smhi.se,Swedish Meteorological and Hydrological Institute,"https://www.smhi.se/data/oceanografi/ladda-ner-oceanografiska-observationer/#param=sealevelMinutes,stations=all",smhi@smhi.se,Unspecified,1975-08-06 08:00:00,2021-04-15 00:00:00,47.0,0.0,RH 2000 (Swedish National Height System 2000),Unspecified,Unspecified,-99.9999,Coastal,No obvious issues,Forsmark,3153
3154,Furuogrund,furu,,64.916,21.231,Sweden,web,Swedish Meteorological and Hydrological Institute ( Sweden )+Swedish Maritime Administration ( Sweden ),,0.35,13:00,1h,1h,2021-10-18 14:47:47,10080,10080.0,100.0,43200,43200.0,100.0,100.0,1',29',1h,Furuogrund,,,,,,,,,,,,,,,,,2055,,,,,,,,,,,,,,,furuogrund-2055-swe-smhi,SMHI,Swedish Meteorological and Hydrological Institute,"https://www.smhi.se/data/oceanografi/ladda-ner-oceanografiska-observationer/#param=sealevelMinutes,stations=all",smhi@smhi.se,Swedish Meteorological and Hydrological Institute,"https://www.smhi.se/data/oceanografi/ladda-ner-oceanografiska-observationer/#param=sealevelMinutes,stations=all",smhi@smhi.se,Unspecified,1916-01-01 00:00:00,2021-04-15 00:00:00,106.0,0.0,RH 2000 (Swedish National Height System 2000),Unspecified,Unspecified,-99.9999,Coastal,No obvious issues,Furuogrund,3154
3158,Goteborg Krossholmen,gokr,,57.691,11.771,Sweden,web,Swedish Meteorological and Hydrological Institute ( Sweden )+Swedish Maritime Administration ( Sweden ),,0.19,13:00,1h,1h,2021-10-18 15:44:50,10080,10080.0,100.0,43153,43200.0,100.0,100.0,1',28',1h,Goteborg Krossholmen,,,,,,,,,,,,,,,,,,,,,,,,,,,,,,,,,,,,,,,,,,,,,,,,,,,,3158
3164,Holmsund,holm,,63.696,20.347,Sweden,web,Swedish Meteorological and Hydrological Institute ( Sweden )+Swedish Maritime Administration ( Sweden ),,0.4,13:00,1h,1h,2021-10-18 14:38:46,10080,10080.0,100.0,43200,43200.0,100.0,100.0,1',27',1h,Holmsund,,,,,,Holmsund,SMHI,545.0,Holmsund,,,,,,,,Hol,,,,,,,,,,,,,,,holmsund-hol-swe-cmems,CMEMS,Copernicus Marine Environment Monitoring Service,https://resources.marine.copernicus.eu/?option=com_csw&view=details&product_id=INSITU_GLO_NRT_OBSERVATIONS_013_086,instacco@ifremer.fr,Swedish Meteorological and Hydrological Institute (SMHI),www.smhi.se,cmems-service@smhi.se,Unspecified,2019-07-01 00:00:00,2020-12-17 07:00:00,2.0,0.0,BSCD2000,Unspecified,Unspecified,-99.9999,Coastal,No obvious issues,Holmsund,3164
3167,Kalix Storon,kalit,,65.697,23.096,Sweden,web,Swedish Meteorological and Hydrological Institute ( Sweden )+Swedish Maritime Administration ( Sweden ),,0.36,13:00,1h,1h,2021-10-18 13:50:53,10080,10080.0,100.0,43200,43200.0,100.0,100.0,1',29',1h,Kalix Storon,,,,,,,,,,,,,,,,,,,,,,,,,,,,,,,,,,,,,,,,,,,,,,,,,,,,3167
3169,Karlshamn,karl,,56.154,14.821,Sweden,web,Swedish Meteorological and Hydrological Institute ( Sweden )+Swedish Maritime Administration ( Sweden ),,0.45,12:51,1h,1h,2021-10-18 15:20:56,10080,10080.0,100.0,43199,43200.0,100.0,100.0,1',31',1h,Karlshamn,,,,,,Karlshamn,SMHI,545.0,Karlshamn,,,,,,,,Kar,,,,,,,,,,,,,,,karlshamn-kar-swe-cmems,CMEMS,Copernicus Marine Environment Monitoring Service,https://resources.marine.copernicus.eu/?option=com_csw&view=details&product_id=INSITU_GLO_NRT_OBSERVATIONS_013_097,instacco@ifremer.fr,Swedish Meteorological and Hydrological Institute (SMHI),www.smhi.se,cmems-service@smhi.se,Unspecified,2019-07-01 00:00:00,2020-12-17 07:00:00,2.0,0.0,BSCD2000,Unspecified,Unspecified,-99.9999,Coastal,No obvious issues,Karlshamn,3169
3170,Klagshamn,klag,,55.522,12.894,Sweden,web,Swedish Meteorological and Hydrological Institute ( Sweden )+Swedish Maritime Administration ( Sweden ),,0.35,12:51,1h,1h,2021-10-18 15:25:48,10052,10080.0,100.0,43200,43200.0,100.0,100.0,1',37',1h,Klagshamn,,,,,,Klagshamn,SMHI,545.0,Klagshamn,,,,,,,,2095,,,,,,,,,,,,,,,klagshamn-2095-swe-smhi,SMHI,Swedish Meteorological and Hydrological Institute,"https://www.smhi.se/data/oceanografi/ladda-ner-oceanografiska-observationer/#param=sealevelMinutes,stations=all",smhi@smhi.se,Swedish Meteorological and Hydrological Institute,"https://www.smhi.se/data/oceanografi/ladda-ner-oceanografiska-observationer/#param=sealevelMinutes,stations=all",smhi@smhi.se,Unspecified,1929-11-13 15:00:00,2021-04-15 00:00:00,93.0,0.0,RH 2000 (Swedish National Height System 2000),Unspecified,Unspecified,-99.9999,Coastal,No obvious issues,Klagshamn,3170
3171,Kungsholmsfort,kung,,56.105,15.589,Sweden,web,Swedish Meteorological and Hydrological Institute ( Sweden )+Swedish Maritime Administration ( Sweden ),,0.46,13:00,1h,1h,2021-10-18 15:19:32,10079,10080.0,100.0,43192,43200.0,100.0,100.0,1',28',1h,Kungsholmsfort,,,,,,Kungsholmsfort,SMHI,545.0,Kungsholmsfort,,,,,,,,2088,,,,,,,,,,,,,,,kungsholmsfort-2088-swe-smhi,SMHI,Swedish Meteorological and Hydrological Institute,"https://www.smhi.se/data/oceanografi/ladda-ner-oceanografiska-observationer/#param=sealevelMinutes,stations=all",smhi@smhi.se,Swedish Meteorological and Hydrological Institute,"https://www.smhi.se/data/oceanografi/ladda-ner-oceanografiska-observationer/#param=sealevelMinutes,stations=all",smhi@smhi.se,Unspecified,1886-12-01 00:00:00,2021-04-15 00:00:00,136.0,0.0,RH 2000 (Swedish National Height System 2000),Unspecified,Unspecified,-99.9999,Coastal,No obvious issues,Kungsholmsfort,3171
3172,Kungsvik,kungr,,58.997,11.127,Sweden,web,Swedish Meteorological and Hydrological Institute ( Sweden )+Swedish Maritime Administration ( Sweden ),,0.15,13:00,1h,1h,2021-10-18 16:29:13,10080,10080.0,100.0,43200,43200.0,100.0,100.0,1',28',1h,Kungsvik,,,,,,Kungsvik,SMHI,545.0,Kungsvik,,,,,,,,2130,,,,,,,,,,,,,,,kungsvik-2130-swe-smhi,SMHI,Swedish Meteorological and Hydrological Institute,"https://www.smhi.se/data/oceanografi/ladda-ner-oceanografiska-observationer/#param=sealevelMinutes,stations=all",smhi@smhi.se,Swedish Meteorological and Hydrological Institute,"https://www.smhi.se/data/oceanografi/ladda-ner-oceanografiska-observationer/#param=sealevelMinutes,stations=all",smhi@smhi.se,Unspecified,1973-08-01 00:00:00,2021-04-15 00:00:00,49.0,0.0,RH 2000 (Swedish National Height System 2000),Unspecified,Unspecified,-99.9999,Coastal,No obvious issues,Kungsvik,3172
3173,Landsort Norra,land,,58.769,17.859,Sweden,web,Swedish Meteorological and Hydrological Institute ( Sweden )+Swedish Maritime Administration ( Sweden ),,0.49,13:00,1h,1h,2021-10-18 15:00:47,10080,10080.0,100.0,43199,43200.0,100.0,100.0,1',27',1h,Landsort Norra,,,,,,LandsortNorra,SMHI,545.0,Landsort Norra,,,,,,,,,,,,,,,,,,,,,,,,,,,,,,,,,,,,,,,,,,,3173
3180,Olands norra udde,olan,,57.366,17.097,Sweden,web,Swedish Meteorological and Hydrological Institute ( Sweden )+Swedish Maritime Administration ( Sweden ),,0.54,13:00,1h,1h,2021-10-18 15:15:40,10080,10080.0,100.0,43199,43200.0,100.0,100.0,1',28',1h,Olands norra udde,,,,,,,,,,,,,,,,,,,,,,,,,,,,,,,,,,,,,,,,,,,,,,,,,,,,3180
3182,Oskarshamn,oska,,57.275,16.478,Sweden,web,Swedish Meteorological and Hydrological Institute ( Sweden )+Swedish Maritime Administration ( Sweden ),,0.49,13:00,1h,1h,2021-10-18 15:16:42,10080,10080.0,100.0,43200,43200.0,100.0,100.0,1',28',1h,Oskarshamn,,,,,,Oskarshamn,SMHI,545.0,Oskarshamn,,,,,,,,2085,,,,,,,,,,,,,,,oskarshamn-2085-swe-smhi,SMHI,Swedish Meteorological and Hydrological Institute,"https://www.smhi.se/data/oceanografi/ladda-ner-oceanografiska-observationer/#param=sealevelMinutes,stations=all",smhi@smhi.se,Swedish Meteorological and Hydrological Institute,"https://www.smhi.se/data/oceanografi/ladda-ner-oceanografiska-observationer/#param=sealevelMinutes,stations=all",smhi@smhi.se,Unspecified,1960-09-15 15:00:00,2021-04-15 00:00:00,62.0,0.0,RH 2000 (Swedish National Height System 2000),Unspecified,Unspecified,-99.9999,Coastal,No obvious issues,Oskarshamn,3182
3183,Oxelosund Vinterklasen,oxel,,58.662,17.125,Sweden,web,Swedish Meteorological and Hydrological Institute ( Sweden )+Swedish Maritime Administration ( Sweden ),,0.46,13:00,1h,1h,2021-10-18 15:06:25,10035,10080.0,100.0,43180,43200.0,100.0,99.0,1',27',1h,Oxelosund Vinterklasen,,,,,,,,,,,,,,,,,,,,,,,,,,,,,,,,,,,,,,,,,,,,,,,,,,,,3183
3184,Ratan,rata,,63.986,20.895,Sweden,web,Swedish Meteorological and Hydrological Institute ( Sweden )+Swedish Maritime Administration ( Sweden ),,0.38,13:00,1h,1h,2021-10-18 14:48:36,10080,10080.0,100.0,43200,43200.0,100.0,100.0,1',27',1h,Ratan,,,,,,Ratan,SMHI,545.0,Ratan,,,,,,,,2056,,,,,,,,,,,,,,,ratan-2056-swe-smhi,SMHI,Swedish Meteorological and Hydrological Institute,"https://www.smhi.se/data/oceanografi/ladda-ner-oceanografiska-observationer/#param=sealevelMinutes,stations=all",smhi@smhi.se,Swedish Meteorological and Hydrological Institute,"https://www.smhi.se/data/oceanografi/ladda-ner-oceanografiska-observationer/#param=sealevelMinutes,stations=all",smhi@smhi.se,Unspecified,1891-10-26 05:00:00,2021-04-15 00:00:00,131.0,0.0,RH 2000 (Swedish National Height System 2000),Unspecified,Unspecified,-99.9999,Coastal,No obvious issues,Ratan,3184
3186,Simpevarp,simp,,57.41,16.676,Sweden,web,Swedish Meteorological and Hydrological Institute ( Sweden )+Swedish Maritime Administration ( Sweden ),,0.49,13:00,1h,1h,2021-10-18 15:14:35,10061,10080.0,100.0,43163,43200.0,100.0,100.0,1',29',1h,Simpevarp,,,,,,Simpevarp,SMHI,545.0,Simpevarp,,,,,,,,Sim,,,,,,,,,,,,,,,simpevarp-sim-swe-cmems,CMEMS,Copernicus Marine Environment Monitoring Service,https://resources.marine.copernicus.eu/?option=com_csw&view=details&product_id=INSITU_GLO_NRT_OBSERVATIONS_013_158,instacco@ifremer.fr,Swedish Meteorological and Hydrological Institute (SMHI),www.smhi.se,cmems-service@smhi.se,Unspecified,2019-07-01 00:00:00,2020-12-17 07:00:00,2.0,0.0,BSCD2000,Unspecified,Unspecified,-99.9999,Coastal,No obvious issues,Simpevarp,3186
3187,Simrishamn,simr,,55.557,14.358,Sweden,web,Swedish Meteorological and Hydrological Institute ( Sweden )+Swedish Maritime Administration ( Sweden ),,0.44,13:00,1h,1h,2021-10-18 15:22:00,10080,10080.0,100.0,43200,43200.0,100.0,100.0,1',29',1h,Simrishamn,,,,,,Simrishamn,SMHI,545.0,Simrishamn,,,,,,,,2320,,,,,,,,,,,,,,,simrishamn-2320-swe-smhi,SMHI,Swedish Meteorological and Hydrological Institute,"https://www.smhi.se/data/oceanografi/ladda-ner-oceanografiska-observationer/#param=sealevelMinutes,stations=all",smhi@smhi.se,Swedish Meteorological and Hydrological Institute,"https://www.smhi.se/data/oceanografi/ladda-ner-oceanografiska-observationer/#param=sealevelMinutes,stations=all",smhi@smhi.se,Unspecified,1982-06-01 00:00:00,2021-04-15 00:00:00,40.0,0.0,RH 2000 (Swedish National Height System 2000),Unspecified,Unspecified,-99.9999,Coastal,No obvious issues,Simrishamn,3187
3191,Smogen,smog,,58.354,11.218,Sweden,web,Swedish Meteorological and Hydrological Institute ( Sweden )+Swedish Maritime Administration ( Sweden ),,0.11,13:00,1h,1h,2006-07-29 10:56:00,10078,10080.0,100.0,43195,43200.0,100.0,100.0,1',29',1h,Smogen,,,,,,,,,,,,,,,,,2111,,,,,,,,,,,,,,,smogen-2111-swe-smhi,SMHI,Swedish Meteorological and Hydrological Institute,"https://www.smhi.se/data/oceanografi/ladda-ner-oceanografiska-observationer/#param=sealevelMinutes,stations=all",smhi@smhi.se,Swedish Meteorological and Hydrological Institute,"https://www.smhi.se/data/oceanografi/ladda-ner-oceanografiska-observationer/#param=sealevelMinutes,stations=all",smhi@smhi.se,Unspecified,1910-06-20 00:00:00,2021-04-15 00:00:00,112.0,0.0,RH 2000 (Swedish National Height System 2000),Unspecified,Unspecified,-99.9999,Coastal,No obvious issues,Smogen,3191
3192,Spikarna,spik,,62.363,17.531,Sweden,web,Swedish Meteorological and Hydrological Institute ( Sweden )+Swedish Maritime Administration ( Sweden ),,0.45,13:00,1h,1h,2021-10-18 14:49:54,10080,10080.0,100.0,43200,43200.0,100.0,100.0,1',27',1h,Spikarna,,,,,,Spikarna,SMHI,545.0,Spikarna,,,,,,,,2061,,,,,,,,,,,,,,,spikarna-2061-swe-smhi,SMHI,Swedish Meteorological and Hydrological Institute,"https://www.smhi.se/data/oceanografi/ladda-ner-oceanografiska-observationer/#param=sealevelMinutes,stations=all",smhi@smhi.se,Swedish Meteorological and Hydrological Institute,"https://www.smhi.se/data/oceanografi/ladda-ner-oceanografiska-observationer/#param=sealevelMinutes,stations=all",smhi@smhi.se,Unspecified,1968-09-24 11:00:00,2021-04-15 00:00:00,54.0,0.0,RH 2000 (Swedish National Height System 2000),Unspecified,Unspecified,-99.9999,Coastal,No obvious issues,Spikarna,3192
3202,Visby,visb,,57.639,18.284,Sweden,web,Swedish Meteorological and Hydrological Institute ( Sweden )+Swedish Maritime Administration ( Sweden ),,0.49,13:00,1h,1h,2021-10-18 15:13:34,10080,10080.0,100.0,43199,43200.0,100.0,100.0,1',27',1h,Visby,,,,,,Visby,SMHI,545.0,Visby,,,,,,,,2080,,,,,,,,,,,,,,,visby-2080-swe-smhi,SMHI,Swedish Meteorological and Hydrological Institute,"https://www.smhi.se/data/oceanografi/ladda-ner-oceanografiska-observationer/#param=sealevelMinutes,stations=all",smhi@smhi.se,Swedish Meteorological and Hydrological Institute,"https://www.smhi.se/data/oceanografi/ladda-ner-oceanografiska-observationer/#param=sealevelMinutes,stations=all",smhi@smhi.se,Unspecified,1916-01-01 09:00:00,2021-04-17 00:00:00,106.0,0.0,RH 2000 (Swedish National Height System 2000),Unspecified,Unspecified,-99.9999,Coastal,No obvious issues,Visby,3202
3217,Zanzibar,zanz,297.0,-6.15,39.183,Tanzania,SXXX33,Department of Land and Survey ( Tanzania )+University of Hawaii Sea Level Center ( USA ),1605D3E0,4.71,13:58,7',15',2006-06-07 07:49:00,9838,10080.0,98.0,42814,43200.0,99.0,95.0,1',8',15',Zanzibar,,,,,,,,,,,,,,,,,151A,,,,,,,,,,,,,,,zanzibar-151a-tza-uhslc,UHSLC,University of Hawaii Sea Level Center,https://uhslc.soest.hawaii.edu,philiprt@hawaii.edu, University of Hawaii Sea Level Center (UHSLC)  USA ,Unspecified,Unspecified,Unspecified,1984-03-01 10:00:00,2018-12-31 23:00:00,35.0,0.0,Unspecified,Unspecified,Unspecified,-99.9999,Coastal,No obvious issues,Zanzibar,3217
3222,Nuku'Alofa Harbour Wharf,nkfa,125.0,-21.13,-175.197,Tonga Island,SZPS01,+National Tidal Centre/Australian Bureau of Meteorology ( Australia ),66600,0.54,14:02,3',3',2007-12-05 22:50:00,10080,10080.0,100.0,43161,43200.0,100.0,100.0,1',3',3',Nuku'Alofa Harbour Wharf,,,,,,,,,,,,,,,,,,,,,,,,,,,,,,,,,,,,,,,,,,,,,,,,,,,,3222
3231,Amasra,amas,,41.744,32.392,Turkey,web,General Directorate of Mapping ( Turkey ),,2.02,14:00,5',2',2020-11-05 21:54:57,20160,20160.0,100.0,86400,86400.0,100.0,100.0,0.5',1',2',Amasra,,,,,,amas,General Command of Mapping (Turkey),1014.0,Amasra,,,,,,,,,,,,,,,,,,,,,,,,,,,,,,,,,,,,,,,,,,,3231
3232,Antalya,anta,,36.836,30.613,Turkey,web,General Directorate of Mapping ( Turkey )+Kandilli Observatory and Earthquake Research Institute ( Turkey ),,1.25,14:00,5',2',2019-11-27 22:19:05,20160,20160.0,100.0,86400,86400.0,100.0,100.0,0.5',2',2',Antalya,,,,,,ANTALYA,The Ministry of National Defense - General Command of Mapping (GCM) - Turkey,1014,,,,,,,,,ANT,,,,,,,,,,,,,,,antalya-ant-tur-eseas,ESEAS,European Sea-Level Service ,https://www.bodc.ac.uk/projects/data_management/european/eseas/,Unspecified,European Sea-Level Service ,https://www.bodc.ac.uk/projects/data_management/european/eseas/,Unspecified,Unspecified,1935-01-01 00:00:00,1948-07-28 17:00:00,14.0,0.0,Local Chart Datum,Float,0.001 (m) ,-99.9999,Coastal,No obvious issues,Antalya,3232
3242,Igneada,igne,,41.889,28.024,Turkey,web,General Directorate of Mapping ( Turkey ),,2.01,14:00,5',2',2020-11-05 21:43:24,20160,20160.0,100.0,86297,86400.0,100.0,100.0,0.5',2',2',Igneada,,,,,,igne,General Command of Mapping (Turkey),1014.0,Igneada,,,,,,,,,,,,,,,,,,,,,,,,,,,,,,,,,,,,,,,,,,,3242
3249,Sile,sile,,41.18,29.604,Turkey,web,General Directorate of Mapping ( Turkey ),,2.01,14:00,5',2',2020-11-05 22:05:38,20160,20160.0,100.0,86400,86400.0,100.0,100.0,0.5',2',2',Sile,,,,,,sile,General Command of Mapping (Turkey),1014.0,Sile,,,,,,,,,,,,,,,,,,,,,,,,,,,,,,,,,,,,,,,,,,,3249
3259,Aberdeen,abed,,57.14,-2.08,UK,ftp,National Oceanography Centre ( UK ),,4.04,13:30,35',15',2012-09-04 21:04:28,666,672.0,99.0,2850,2880.0,99.0,99.0,15',25',15',Aberdeen,,,,,,Aberdeen,National Oceanography Centre (United_Kingdom),2424.0,Aberdeen,,,,,,,,ABE,,,,,,,,,,,,,,,aberdeen-abe-gbr-bodc,BODC,British Oceanographic Data Centre,https://www.bodc.ac.uk/data/hosted_data_systems/sea_level/uk_tide_gauge_network/,enquiries@bodc.ac.uk,British Oceanographic Data Centre,https://www.bodc.ac.uk/data/hosted_data_systems/sea_level/uk_tide_gauge_network/,enquiries@bodc.ac.uk,UK National Grid ,1930-01-01 00:00:00,2021-07-31 23:45:00,73.0,0.0,Admiralty Chart Datum (ACD) ,bubbler,0.001 (m) ,-99.9999,Coastal,No obvious issues,Aberdeen,3259
3262,Bangor,bang,,54.66,-5.67,UK,ftp,National Oceanography Centre ( UK ),,3.31,13:30,35',15',2012-09-04 21:04:28,666,672.0,99.0,2850,2880.0,99.0,99.0,15',25',15',Bangor,,,,,,Bangor,National Oceanography Centre (United_Kingdom),2424.0,Bangor,,,,,,,,BAN,,,,,,,,,,,,,,,bangor-ban-gbr-bodc,BODC,British Oceanographic Data Centre,https://www.bodc.ac.uk/data/hosted_data_systems/sea_level/uk_tide_gauge_network/,enquiries@bodc.ac.uk,British Oceanographic Data Centre,https://www.bodc.ac.uk/data/hosted_data_systems/sea_level/uk_tide_gauge_network/,enquiries@bodc.ac.uk,UK National Grid ,1994-11-01 00:00:00,2021-07-31 23:45:00,23.0,0.0,Admiralty Chart Datum (ACD) ,bubbler,0.001 (m) ,-99.9999,Coastal,No obvious issues,Bangor,3262
3267,Cromer,crom,,52.93,1.3,UK,ftp,National Oceanography Centre ( UK ),,1.31,13:30,35',15',2012-09-04 21:04:28,666,672.0,99.0,2849,2880.0,99.0,99.0,15',25',15',Cromer,,,,,,Cromer,National Oceanography Centre (United_Kingdom),2424.0,Cromer,,,,,,,,CRO,,,,,,,,,,,,,,,cromer-cro-gbr-bodc,BODC,British Oceanographic Data Centre,https://www.bodc.ac.uk/data/hosted_data_systems/sea_level/uk_tide_gauge_network/,enquiries@bodc.ac.uk,British Oceanographic Data Centre,https://www.bodc.ac.uk/data/hosted_data_systems/sea_level/uk_tide_gauge_network/,enquiries@bodc.ac.uk,UK National Grid ,1973-01-01 00:00:00,2021-07-31 23:45:00,36.0,0.0,Admiralty Chart Datum (ACD) ,bubbler,0.001 (m) ,-99.9999,Coastal,No obvious issues,Cromer,3267
3270,Dover,dove,,51.11,1.32,UK,ftp,National Oceanography Centre ( UK ),,6.38,13:30,35',15',2012-09-04 21:04:28,667,672.0,99.0,2842,2880.0,99.0,98.0,15',25',15',Dover,,,,,,Dover,National Oceanography Centre (United_Kingdom),2424.0,Dover,,,,,,,,DOV,,,,,,,,,,,,,,,dover-dov-gbr-bodc,BODC,British Oceanographic Data Centre,https://www.bodc.ac.uk/data/hosted_data_systems/sea_level/uk_tide_gauge_network/,enquiries@bodc.ac.uk,British Oceanographic Data Centre,https://www.bodc.ac.uk/data/hosted_data_systems/sea_level/uk_tide_gauge_network/,enquiries@bodc.ac.uk,UK National Grid ,1924-01-01 00:00:00,2021-07-31 23:45:00,70.0,0.0,Admiralty Chart Datum (ACD) ,bubbler,0.001 (m) ,-99.9999,Coastal,No obvious issues,Dover,3270
3276,Harwich,harw,,51.95,1.29,UK,ftp,National Oceanography Centre ( UK ),,4.15,13:30,35',15',2012-09-04 21:04:28,666,672.0,99.0,2849,2880.0,99.0,99.0,15',25',15',Harwich,,,,,,Harwich,National Oceanography Centre (United_Kingdom),2424.0,Harwich,,,,,,,,HAR,,,,,,,,,,,,,,,harwich-har-gbr-bodc,BODC,British Oceanographic Data Centre,https://www.bodc.ac.uk/data/hosted_data_systems/sea_level/uk_tide_gauge_network/,enquiries@bodc.ac.uk,British Oceanographic Data Centre,https://www.bodc.ac.uk/data/hosted_data_systems/sea_level/uk_tide_gauge_network/,enquiries@bodc.ac.uk,UK National Grid ,1954-01-01 00:00:00,2021-07-31 23:45:00,35.0,0.0,Admiralty Chart Datum (ACD) ,bubbler,0.001 (m) ,-99.9999,Coastal,No obvious issues,Harwich,3276
3279,Heysham,heys,,54.03,-2.92,UK,ftp,National Oceanography Centre ( UK ),,8.68,13:30,35',15',2012-09-04 21:04:28,665,672.0,99.0,2851,2880.0,99.0,98.0,15',25',15',Heysham,,,,,,Heysham,National Oceanography Centre (United_Kingdom),2424.0,Heysham,,,,,,,,HEY,,,,,,,,,,,,,,,heysham-hey-gbr-bodc,BODC,British Oceanographic Data Centre,https://www.bodc.ac.uk/data/hosted_data_systems/sea_level/uk_tide_gauge_network/,enquiries@bodc.ac.uk,British Oceanographic Data Centre,https://www.bodc.ac.uk/data/hosted_data_systems/sea_level/uk_tide_gauge_network/,enquiries@bodc.ac.uk,UK National Grid ,1964-01-01 00:00:00,2021-07-31 23:45:00,57.0,0.0,Admiralty Chart Datum (ACD) ,bubbler,0.001 (m) ,-99.9999,Coastal,No obvious issues,Heysham,3279
3281,Holyhead (tsunami),holy,,53.311,-4.634,UK,socket,National Oceanography Centre ( UK ),,2.22,-down-,1691d,1',2008-03-31 14:07:00,-down-,60468.0,0.0,-down-,,0.0,0.0,0.1667',,1',Holyhead (tsunami),,,,,,,,,,,,,,,,,,,,,,,,,,,,,,,,,,,,,,,,,,,,,,,,,,,,3281
3283,Holyhead2,holy2,,53.31,-4.62,UK,ftp,National Oceanography Centre ( UK ),,4.45,13:30,35',15',2012-09-04 21:04:28,666,672.0,99.0,2837,2880.0,99.0,99.0,15',26',15',Holyhead2,,,,,,,,,,,,,,,,,,,,,,,,,,,,,,,,,,,,,,,,,,,,,,,,,,,,3283
3284,Ilfracombe,ilfa,,51.21,-4.11,UK,ftp,National Oceanography Centre ( UK ),,1.34,13:30,35',15',2012-09-04 21:04:29,665,672.0,99.0,2847,2880.0,99.0,98.0,15',25',15',Ilfracombe,,,,,,Ilfracombe,National Oceanography Centre (United_Kingdom),2424.0,Ilfracombe,,,,,,,,ILF,,,,,,,,,,,,,,,ilfracombe-ilf-gbr-bodc,BODC,British Oceanographic Data Centre,https://www.bodc.ac.uk/data/hosted_data_systems/sea_level/uk_tide_gauge_network/,enquiries@bodc.ac.uk,British Oceanographic Data Centre,https://www.bodc.ac.uk/data/hosted_data_systems/sea_level/uk_tide_gauge_network/,enquiries@bodc.ac.uk,UK National Grid ,1968-01-01 00:00:00,2021-07-31 23:45:00,47.0,0.0,Admiralty Chart Datum (ACD) ,bubbler,0.001 (m) ,-99.9999,Coastal,No obvious issues,Ilfracombe,3284
3288,Kinlochbervie,kinl,,58.46,-5.05,UK,ftp,National Oceanography Centre ( UK ),,1.42,13:30,35',15',2012-09-04 21:04:29,666,672.0,99.0,2855,2880.0,99.0,99.0,15',25',15',Kinlochbervie,,,,,,Kinlochbervie,National Oceanography Centre (United_Kingdom),2424.0,Kinlochbervie,,,,,,,,KIN,,,,,,,,,,,,,,,kinlochbervie-kin-gbr-bodc,BODC,British Oceanographic Data Centre,https://www.bodc.ac.uk/data/hosted_data_systems/sea_level/uk_tide_gauge_network/,enquiries@bodc.ac.uk,British Oceanographic Data Centre,https://www.bodc.ac.uk/data/hosted_data_systems/sea_level/uk_tide_gauge_network/,enquiries@bodc.ac.uk,UK National Grid ,1991-01-01 00:00:00,2021-07-31 23:45:00,30.0,0.0,Admiralty Chart Datum (ACD) ,bubbler,0.001 (m) ,-99.9999,Coastal,No obvious issues,Kinlochbervie,3288
3289,Leith,leit,,55.99,-3.18,UK,ftp,National Oceanography Centre ( UK ),,4.26,13:15,50',15',2012-09-04 21:04:29,667,672.0,99.0,2850,2880.0,99.0,100.0,15',25',15',Leith,,,,,,Leith,National Oceanography Centre (United_Kingdom),2424.0,Leith,,,,,,,,LEI,,,,,,,,,,,,,,,leith-lei-gbr-bodc,BODC,British Oceanographic Data Centre,https://www.bodc.ac.uk/data/hosted_data_systems/sea_level/uk_tide_gauge_network/,enquiries@bodc.ac.uk,British Oceanographic Data Centre,https://www.bodc.ac.uk/data/hosted_data_systems/sea_level/uk_tide_gauge_network/,enquiries@bodc.ac.uk,UK National Grid ,1981-01-01 00:00:00,2021-07-31 23:45:00,33.0,0.0,Admiralty Chart Datum (ACD) ,bubbler,0.001 (m) ,-99.9999,Coastal,No obvious issues,Leith,3289
3290,Lerwick (tsunami),lerw,236.0,60.155,-1.145,UK,socket,National Oceanography Centre ( UK ),,0.9,-down-,2058d,0.1667',2008-03-31 09:37:00,-down-,60468.0,0.0,-down-,,0.0,0.0,0.1667',,0.1667',Lerwick (tsunami),,,,,,,,,,,,,,,,,,,,,,,,,,,,,,,,,,,,,,,,,,,,,,,,,,,,3290
3291,Lerwick2,lerw2,236.0,60.155,-1.145,UK,ftp,National Oceanography Centre ( UK ),,1.94,13:30,35',15',2011-10-06 18:10:22,666,672.0,99.0,2848,2880.0,99.0,99.0,15',25',15',Lerwick2,,,,,,,,,,,,,,,,,,,,,,,,,,,,,,,,,,,,,,,,,,,,,,,,,,,,3291
3292,Liverpool,live,,53.45,-3.02,UK,ftp,National Oceanography Centre ( UK ),,8.39,13:30,35',15',2012-09-04 21:04:29,664,672.0,99.0,2850,2880.0,99.0,98.0,15',25',15',Liverpool,,,,,,Liverpool,National Oceanography Centre (United_Kingdom),2424.0,Liverpool,,,,,,,,440,,,,,,,,,,,,,,,liverpool-440-can-meds,MEDS,Marine Environmental Data Section ,https://isdm-gdsi.gc.ca/isdm-gdsi/twl-mne/inventory-inventaire/index-eng.htm,Jenny.Chiu@dfo-mpo.gc.ca,Marine Environmental Data Section ,https://isdm-gdsi.gc.ca/isdm-gdsi/twl-mne/inventory-inventaire/index-eng.htm,Jenny.Chiu@dfo-mpo.gc.ca,Unspecified,1962-01-05 05:00:00,1997-10-29 17:00:00,3.0,0.0,Chart Datum (CD),Unspecified,Unspecified,-99.9999,Coastal,No obvious issues,Liverpool,3292
3294,Lowestoft,lowe,,52.47,1.75,UK,ftp,National Oceanography Centre ( UK ),,1.82,13:30,35',15',2012-09-04 21:04:30,666,672.0,99.0,2848,2880.0,99.0,99.0,15',25',15',Lowestoft,,,,,,Lowestoft,National Oceanography Centre (United_Kingdom),2424.0,Lowestoft,,,,,,,,LOW,,,,,,,,,,,,,,,lowestoft-low-gbr-bodc,BODC,British Oceanographic Data Centre,https://www.bodc.ac.uk/data/hosted_data_systems/sea_level/uk_tide_gauge_network/,enquiries@bodc.ac.uk,British Oceanographic Data Centre,https://www.bodc.ac.uk/data/hosted_data_systems/sea_level/uk_tide_gauge_network/,enquiries@bodc.ac.uk,UK National Grid ,1964-01-01 00:00:00,2021-07-31 23:45:00,58.0,0.0,Admiralty Chart Datum (ACD) ,bubbler,0.001 (m) ,-99.9999,Coastal,No obvious issues,Lowestoft,3294
3296,Milford Haven,mhav,,51.71,-5.05,UK,ftp,National Oceanography Centre ( UK ),,1.4,13:30,35',15',2012-09-04 21:04:30,667,672.0,99.0,2849,2880.0,99.0,99.0,15',25',15',Milford Haven,,,,,,Milford,National Oceanography Centre (United_Kingdom),2424.0,Milford Haven,,,,,,,,,,,,,,,,,,,,,,,,,,,,,,,,,,,,,,,,,,,3296
3297,Millport,mill,,55.75,-4.91,UK,ftp,National Oceanography Centre ( UK ),,3.43,13:30,35',15',2012-09-04 21:04:30,664,672.0,99.0,2850,2880.0,99.0,99.0,15',25',15',Millport,,,,,,Millport,National Oceanography Centre (United_Kingdom),2424.0,Millport,,,,,,,,MIL,,,,,,,,,,,,,,,millport-mil-gbr-bodc,BODC,British Oceanographic Data Centre,https://www.bodc.ac.uk/data/hosted_data_systems/sea_level/uk_tide_gauge_network/,enquiries@bodc.ac.uk,British Oceanographic Data Centre,https://www.bodc.ac.uk/data/hosted_data_systems/sea_level/uk_tide_gauge_network/,enquiries@bodc.ac.uk,UK National Grid ,1978-01-01 00:00:00,2021-07-31 23:45:00,40.0,0.0,Admiralty Chart Datum (ACD) ,bubbler,0.001 (m) ,-99.9999,Coastal,No obvious issues,Millport,3297
3298,Mumbles,mumb,,51.57,-3.98,UK,ftp,National Oceanography Centre ( UK ),,1.54,13:30,35',15',2012-09-04 21:04:30,666,672.0,99.0,2849,2880.0,99.0,99.0,15',25',15',Mumbles,,,,,,Mumbles,National Oceanography Centre (United_Kingdom),2424.0,Mumbles,,,,,,,,MUM,,,,,,,,,,,,,,,mumbles-mum-gbr-bodc,BODC,British Oceanographic Data Centre,https://www.bodc.ac.uk/data/hosted_data_systems/sea_level/uk_tide_gauge_network/,enquiries@bodc.ac.uk,British Oceanographic Data Centre,https://www.bodc.ac.uk/data/hosted_data_systems/sea_level/uk_tide_gauge_network/,enquiries@bodc.ac.uk,UK National Grid ,1988-01-01 00:00:00,2020-12-31 23:45:00,24.0,0.0,Admiralty Chart Datum (ACD) ,bubbler,0.001 (m) ,-99.9999,Coastal,No obvious issues,Mumbles,3298
3299,Newhaven,nhav,,50.78,0.06,UK,ftp,National Oceanography Centre ( UK ),,6.22,13:30,35',15',2012-09-04 21:04:30,666,672.0,99.0,2850,2880.0,99.0,99.0,15',25',15',Newhaven,,,,,,Newhaven,National Oceanography Centre (United_Kingdom),2424.0,Newhaven,,,,,,,,NHA,,,,,,,,,,,,,,,newhaven-nha-gbr-bodc,BODC,British Oceanographic Data Centre,https://www.bodc.ac.uk/data/hosted_data_systems/sea_level/uk_tide_gauge_network/,enquiries@bodc.ac.uk,British Oceanographic Data Centre,https://www.bodc.ac.uk/data/hosted_data_systems/sea_level/uk_tide_gauge_network/,enquiries@bodc.ac.uk,UK National Grid ,1982-01-01 00:00:00,2021-07-31 23:45:00,37.0,0.0,Admiralty Chart Datum (ACD) ,bubbler,0.001 (m) ,-99.9999,Coastal,No obvious issues,Newhaven,3299
3300,Newlyn (tsunami),newl,241.0,50.103,-5.543,UK,ftp,National Oceanography Centre ( UK ),,-7.77,-down-,4486d,0.1667',2008-07-30 07:30:00,-down-,60468.0,0.0,-down-,,0.0,0.0,0.1667',,0.1667',Newlyn (tsunami),,,,,,,,,,,,,,,,,,,,,,,,,,,,,,,,,,,,,,,,,,,,,,,,,,,,3300
3301,Newlyn2,newl2,241.0,50.103,-5.543,UK,ftp,National Oceanography Centre ( UK ),,1.79,13:30,35',15',2011-10-06 20:09:42,667,672.0,99.0,2849,2880.0,99.0,99.0,15',25',15',Newlyn2,,,,,,,,,,,,,,,,,,,,,,,,,,,,,,,,,,,,,,,,,,,,,,,,,,,,3301
3302,Newport,npor,,51.55,-2.99,UK,ftp,National Oceanography Centre ( UK ),,2.19,13:30,35',15',2012-09-04 21:04:30,666,672.0,99.0,2849,2880.0,99.0,99.0,15',25',15',Newport,NWPR1,RI,active,"2022-09-24 00:00:00,2021-06-30 14:00:00,2019-08-16 00:00:00,2018-08-09 17:12:00,2018-08-09 00:01:00,2018-03-21 15:48:00,2017-08-29 00:00:00,2017-08-23 11:00:00,2016-04-28 15:35:00,2015-08-26 14:30:00,2014-09-29 16:50:00,2014-07-28 00:00:00,2013-08-28 00:01:00,2013-08-28 00:00:00,2013-06-20 11:00:00,2012-12-07 00:00:00,2012-08-24 00:00:00,2012-06-21 00:00:00,2012-06-05 19:14:00,2011-07-29 00:00:00,2011-06-15 22:47:00,2010-11-30 00:00:00,2010-08-08 13:00:00,2009-10-07 14:02:00,2008-10-02 00:00:00,2008-10-01 00:00:00,2008-09-30 23:54:00,2008-09-30 11:10:00,2008-09-29 00:00:00,2006-07-17 00:00:00,2005-06-22 00:00:00,2005-06-21 23:59:00,2005-06-21 00:00:00,2004-07-21 00:00:00,2004-06-17 00:00:00,2003-07-21 00:00:00,2002-07-31 00:00:00,2002-04-25 00:00:00,2001-07-10 00:00:00,2000-09-22 00:00:00,1999-08-18 00:00:00,1998-09-19 00:00:00,1998-08-17 00:00:00,1997-09-29 23:59:00,1993-10-21 23:00:00,1992-11-07 00:00:00",Newport,Newport,National Oceanography Centre (United_Kingdom),2424.0,Newport,,,,,,,,NPO,,,,,,,,,,,,,,,newport-npo-gbr-bodc,BODC,British Oceanographic Data Centre,https://www.bodc.ac.uk/data/hosted_data_systems/sea_level/uk_tide_gauge_network/,enquiries@bodc.ac.uk,British Oceanographic Data Centre,https://www.bodc.ac.uk/data/hosted_data_systems/sea_level/uk_tide_gauge_network/,enquiries@bodc.ac.uk,UK National Grid ,1993-01-01 00:00:00,2021-07-31 23:45:00,29.0,0.0,Admiralty Chart Datum (ACD) ,bubbler,0.001 (m) ,-99.9999,Coastal,No obvious issues,Newport,3302
3303,North Shields,nshi,,55.01,-1.44,UK,ftp,National Oceanography Centre ( UK ),,2.88,13:30,35',15',2012-09-04 21:04:30,668,672.0,99.0,2853,2880.0,99.0,98.0,15',25',15',North Shields,,,,,,NorthShields,National Oceanography Centre (United_Kingdom),2424.0,North Shields,,,,,,,,,,,,,,,,,,,,,,,,,,,,,,,,,,,,,,,,,,,3303
3304,Plymouth,plym,,50.37,-4.19,UK,ftp,National Oceanography Centre ( UK ),,1.36,13:30,35',15',2012-09-04 21:04:30,666,672.0,99.0,2849,2880.0,99.0,99.0,15',25',15',Plymouth,,,,,,,,,,,,,,,,,8446493,,,,,,,,,,,,,,,plymouth-8446493-usa-noaa,NOAA,National Oceanic and Atmospheric Administration,https://api.tidesandcurrents.noaa.gov/api/prod/,co-ops.userservices@noaa.gov,National Oceanic and Atmospheric Administration,https://api.tidesandcurrents.noaa.gov/api/prod/,co-ops.userservices@noaa.gov,Unspecified,1990-01-01 01:00:00,1990-09-15 11:00:00,1.0,0.0,Station Datum,Unspecified,Unspecified,-99.9999,Coastal,No obvious issues,Plymouth,3304
3306,Portpatrick,porp,,54.84,-5.12,UK,ftp,National Oceanography Centre ( UK ),,3.83,13:30,35',15',2012-09-04 21:04:30,666,672.0,99.0,2850,2880.0,99.0,99.0,15',25',15',Portpatrick,,,,,,Portpatrick,National Oceanography Centre (United_Kingdom),2424.0,Portpatrick,,,,,,,,POR,,,,,,,,,,,,,,,portpatrick-por-gbr-bodc,BODC,British Oceanographic Data Centre,https://www.bodc.ac.uk/data/hosted_data_systems/sea_level/uk_tide_gauge_network/,enquiries@bodc.ac.uk,British Oceanographic Data Centre,https://www.bodc.ac.uk/data/hosted_data_systems/sea_level/uk_tide_gauge_network/,enquiries@bodc.ac.uk,UK National Grid ,1968-01-01 00:00:00,2021-07-31 23:45:00,54.0,0.0,Admiralty Chart Datum (ACD) ,bubbler,0.001 (m) ,-99.9999,Coastal,No obvious issues,Portpatrick,3306
3307,Portrush,prus,,55.21,-6.66,UK,ftp,National Oceanography Centre ( UK ),,0.64,13:30,35',15',2012-09-04 21:04:30,666,672.0,99.0,2851,2880.0,99.0,99.0,15',25',15',Portrush,,,,,,Portrush,National Oceanography Centre (United_Kingdom),2424.0,Portrush,,,,,,,,PRU,,,,,,,,,,,,,,,portrush-pru-gbr-bodc,BODC,British Oceanographic Data Centre,https://www.bodc.ac.uk/data/hosted_data_systems/sea_level/uk_tide_gauge_network/,enquiries@bodc.ac.uk,British Oceanographic Data Centre,https://www.bodc.ac.uk/data/hosted_data_systems/sea_level/uk_tide_gauge_network/,enquiries@bodc.ac.uk,UK National Grid ,1995-01-01 00:00:00,2021-07-31 23:45:00,27.0,0.0,Admiralty Chart Datum (ACD) ,bubbler,0.001 (m) ,-99.9999,Coastal,No obvious issues,Portrush,3307
3308,Portsmouth,ptmt,,50.8,-1.11,UK,ftp,National Oceanography Centre ( UK ),,4.57,13:30,35',15',2012-09-04 21:04:30,666,672.0,99.0,2848,2880.0,99.0,98.0,15',25',15',Portsmouth,,,,,,Portsmouth,National Oceanography Centre (United_Kingdom),2424.0,Portsmouth,,,,,,,,PTM,,,,,,,,,,,,,,,portsmouth-ptm-gbr-bodc,BODC,British Oceanographic Data Centre,https://www.bodc.ac.uk/data/hosted_data_systems/sea_level/uk_tide_gauge_network/,enquiries@bodc.ac.uk,British Oceanographic Data Centre,https://www.bodc.ac.uk/data/hosted_data_systems/sea_level/uk_tide_gauge_network/,enquiries@bodc.ac.uk,UK National Grid ,1991-01-01 00:00:00,2021-07-31 23:45:00,31.0,0.0,Admiralty Chart Datum (ACD) ,bubbler,0.001 (m) ,-99.9999,Coastal,No obvious issues,Portsmouth,3308
3311,Sheerness,shee,,51.45,0.74,UK,ftp,National Oceanography Centre ( UK ),,5.95,13:30,35',15',2012-09-04 21:04:30,664,672.0,99.0,2849,2880.0,99.0,98.0,15',25',15',Sheerness,,,,,,Sheerness,National Oceanography Centre (United_Kingdom),2424.0,Sheerness,,,,,,,,SHE,,,,,,,,,,,,,,,sheerness-she-gbr-bodc,BODC,British Oceanographic Data Centre,https://www.bodc.ac.uk/data/hosted_data_systems/sea_level/uk_tide_gauge_network/,enquiries@bodc.ac.uk,British Oceanographic Data Centre,https://www.bodc.ac.uk/data/hosted_data_systems/sea_level/uk_tide_gauge_network/,enquiries@bodc.ac.uk,UK National Grid ,1952-01-01 00:00:00,2021-07-31 23:45:00,51.0,0.0,Admiralty Chart Datum (ACD) ,bubbler,0.001 (m) ,-99.9999,Coastal,No obvious issues,Sheerness,3311
3314,Stornoway,stor,238.0,58.21,-6.39,UK,ftp,National Oceanography Centre ( UK ),,1.31,13:30,35',15',2008-07-30 07:30:00,668,672.0,99.0,2852,2880.0,99.0,98.0,15',25',15',Stornoway,,,,,,Stornoway,National Oceanography Centre (United_Kingdom),2424.0,Stornoway,,,,,,,,295A,,,,,,,,,,,,,,,stornoway-295a-gbr-uhslc,UHSLC,University of Hawaii Sea Level Center,https://uhslc.soest.hawaii.edu,philiprt@hawaii.edu, National Oceanography Centre (NOC)  United Kingdom ,Unspecified,Unspecified,Unspecified,1976-01-01 00:00:00,2016-12-31 23:00:00,38.0,0.0,Unspecified,Unspecified,Unspecified,-99.9999,Coastal,No obvious issues,Stornoway,3314
3323,Whitby,whit,,54.49,-0.61,UK,ftp,National Oceanography Centre ( UK ),,2.78,13:30,35',15',2012-09-04 21:04:31,666,672.0,99.0,2849,2880.0,99.0,99.0,15',25',15',Whitby,,,,,,Whitby,National Oceanography Centre (United_Kingdom),2424.0,Whitby,,,,,,,,WHI,,,,,,,,,,,,,,,whitby-whi-gbr-bodc,BODC,British Oceanographic Data Centre,https://www.bodc.ac.uk/data/hosted_data_systems/sea_level/uk_tide_gauge_network/,enquiries@bodc.ac.uk,British Oceanographic Data Centre,https://www.bodc.ac.uk/data/hosted_data_systems/sea_level/uk_tide_gauge_network/,enquiries@bodc.ac.uk,UK National Grid ,1980-01-01 00:00:00,2021-07-31 23:45:00,42.0,0.0,Admiralty Chart Datum (ACD) ,bubbler,0.001 (m) ,-99.9999,Coastal,No obvious issues,Whitby,3323
3324,Wick Harbour,wick,,58.44,-3.09,UK,ftp,National Oceanography Centre ( UK ),,3.28,13:30,35',15',2012-09-04 21:04:31,667,672.0,99.0,2847,2880.0,99.0,99.0,15',25',15',Wick Harbour,,,,,,,,,,,,,,,,,,,,,,,,,,,,,,,,,,,,,,,,,,,,,,,,,,,,3324
3325,Workington,work,,54.65,-3.57,UK,ftp,National Oceanography Centre ( UK ),,7.73,13:30,35',15',2012-09-04 21:04:31,666,672.0,99.0,2849,2880.0,99.0,99.0,15',25',15',Workington,,,,,,Workington,National Oceanography Centre (United_Kingdom),2424.0,Workington,,,,,,,,WOR,,,,,,,,,,,,,,,workington-wor-gbr-bodc,BODC,British Oceanographic Data Centre,https://www.bodc.ac.uk/data/hosted_data_systems/sea_level/uk_tide_gauge_network/,enquiries@bodc.ac.uk,British Oceanographic Data Centre,https://www.bodc.ac.uk/data/hosted_data_systems/sea_level/uk_tide_gauge_network/,enquiries@bodc.ac.uk,UK National Grid ,1992-01-01 00:00:00,2021-07-31 23:45:00,30.0,0.0,Admiralty Chart Datum (ACD) ,bubbler,0.001 (m) ,-99.9999,Coastal,No obvious issues,Workington,3325
3351,Alameda,alam,,37.772,-122.298,USA,web,National Ocean Service-NOAA ( USA ),3362E08C,0.88,13:53,12',6',2006-06-07 04:30:00,10039,10080.0,100.0,43104,43200.0,100.0,99.0,1',7',6',Alameda,AAMC1,CA,active,"2022-11-30 00:00:00,2022-11-29 00:00:00,2021-12-02 00:00:00,2019-12-03 00:00:00,2017-12-02 00:00:00,2016-03-10 21:30:00,2015-12-06 23:10:00,2015-12-06 00:00:00,2015-12-05 23:00:00,2015-12-04 23:58:00,2014-10-28 10:00:00,2013-11-07 17:50:00,2013-11-07 00:00:00,2012-10-19 15:50:00,2011-10-27 20:09:00,2011-10-17 19:54:00,2010-08-05 15:54:00,2009-08-12 00:00:00,2008-08-21 00:00:00,2008-08-20 00:00:00,2007-08-15 00:00:00,2006-10-07 00:00:00,2006-10-05 23:59:00,2006-10-05 00:01:00,2006-10-05 00:00:00,2005-10-17 00:00:00,2004-10-24 00:00:00,2003-10-16 00:00:00,2002-10-18 00:00:00,2001-10-18 00:00:00,2000-09-13 00:00:00,1999-09-18 00:00:00,1999-09-17 00:00:00,1999-09-16 00:00:00,1998-09-15 00:00:00,1997-09-03 00:00:00,1996-08-24 00:00:00,1995-08-29 23:00:00,1993-09-19 00:00:00,1992-09-12 00:00:00",Alameda,,,,,,,,,,,,9414750,,,,,,,,,,,,,,,alameda-9414750-usa-noaa,NOAA,National Oceanic and Atmospheric Administration,https://api.tidesandcurrents.noaa.gov/api/prod/,co-ops.userservices@noaa.gov,National Oceanic and Atmospheric Administration,https://api.tidesandcurrents.noaa.gov/api/prod/,co-ops.userservices@noaa.gov,Unspecified,1976-01-01 01:00:00,2021-08-31 23:00:00,44.0,0.0,Station Datum,Unspecified,Unspecified,-99.9999,Coastal,No obvious issues,Alameda,3351
3383,Arena Cove,aren,,38.913,-123.705,USA,web,National Ocean Service-NOAA ( USA ),3368115A,0.94,13:50,15',6',2008-06-21 00:00:00,9923,10080.0,98.0,43165,43200.0,100.0,90.0,1',10',6',Arena Cove,ANVC1,CA,active,"2022-10-20 18:00:00,2022-03-18 22:00:00,2022-03-17 20:50:00,2022-03-17 20:00:00,2020-10-08 16:54:00,2019-10-16 17:20:00,2019-10-14 00:01:00,2018-12-04 18:00:00,2016-10-14 00:00:00,2015-10-14 19:00:00,2014-11-17 09:00:00,2014-11-16 00:00:00,2014-11-15 00:00:00,2013-05-10 18:35:00,2011-12-09 18:18:00,2011-12-09 10:43:00,2011-05-05 22:22:00,2011-05-05 00:00:00,2010-05-19 00:00:00,2009-08-23 00:00:00,2008-08-10 00:55:00,2007-08-29 00:00:00,2006-09-05 16:18:00,2006-09-05 16:14:00,2006-09-05 16:14:00,2006-09-05 16:14:00,2006-09-05 16:14:00,2006-09-05 00:00:00,2005-09-01 00:00:00,2004-09-27 00:00:00,2003-08-30 00:00:00,2002-05-31 00:00:00,2002-05-28 23:59:00,2002-05-28 00:00:00,2001-09-19 00:00:00,1998-08-25 00:00:00,1997-08-28 00:00:00,1996-08-16 00:00:00,1996-08-15 00:00:00,1995-09-14 23:00:00,1993-09-18 00:00:00,1992-09-11 00:00:00,1991-10-08 00:00:00",Arena Cove,,,,,,,,,,,,,,,,,,,,,,,,,,,,,,,,,,,,,,,,,,,,,,,3383
3397,Astoria,asto,,46.208,-123.767,USA,web,National Ocean Service-NOAA ( USA ),335086EE,1.33,13:55,10',6',2008-06-21 00:00:00,9976,10080.0,99.0,42757,43200.0,99.0,99.0,1',7',6',Astoria,ASTO3,OR,active,"2021-07-10 10:15:00,2019-05-14 21:36:00,2018-04-30 21:00:00,2018-01-18 13:00:00,2017-04-05 20:30:00,2016-05-11 13:54:00,2016-05-10 23:58:00,2015-04-08 18:40:00,2014-05-14 17:00:00,2013-08-28 00:00:00,2012-03-30 19:00:00,2011-07-23 00:32:00,2010-03-16 12:00:00,2009-07-08 00:00:00,2008-06-27 00:00:00,2007-07-17 00:00:00,2006-08-10 00:00:00,2005-09-22 00:00:00,2005-09-21 23:59:00,2005-09-21 00:00:00,2005-08-18 00:00:00,2004-07-29 00:00:00,2003-07-29 00:00:00,2002-03-19 00:00:00,2001-09-06 00:00:00,2000-11-14 00:00:00,1998-08-13 00:00:00,1997-07-16 00:00:00,1996-10-06 00:00:00,1995-09-12 23:00:00,1994-07-13 23:00:00,1993-10-22 23:00:00,1992-09-29 23:00:00,1991-09-14 23:00:00",Astoria,,,,,,,,,,,,9439040,,,,,,,,,,,,,,,astoria-9439040-usa-noaa,NOAA,National Oceanic and Atmospheric Administration,https://api.tidesandcurrents.noaa.gov/api/prod/,co-ops.userservices@noaa.gov,National Oceanic and Atmospheric Administration,https://api.tidesandcurrents.noaa.gov/api/prod/,co-ops.userservices@noaa.gov,Unspecified,1925-01-01 01:00:00,2021-08-31 23:00:00,97.0,0.0,Station Datum,Unspecified,Unspecified,-99.9999,Coastal,No obvious issues,Astoria,3397
3402,"Atka, AK",atka,,52.232,-174.173,USA,web,National Ocean Service-NOAA ( USA ),,,13:53,12',5',2009-02-06 00:00:00,10073,10080.0,100.0,43047,43200.0,100.0,100.0,1',7',5',"Atka, AK",,,,,,,,,,,,,,,,,,,,,,,,,,,,,,,,,,,,,,,,,,,,,,,,,,,,3402
3403,Atlantic City,acnj,220.0,39.355,-74.418,USA,web,National Ocean Service-NOAA ( USA ),3367B730,1.9,13:57,8',6',2008-06-06 00:00:00,10079,10080.0,100.0,43180,43200.0,100.0,100.0,1',3',6',Atlantic City,ACYN4,NJ,active,"2023-05-02 00:00:00,2023-05-01 00:00:00,2022-07-22 00:00:00,2022-07-19 00:00:00,2022-07-18 00:00:00,2019-05-21 14:59:00,2018-06-08 00:00:00,2018-06-06 01:00:00,2017-11-07 11:05:00,2017-07-13 13:47:00,2016-06-14 12:30:00,2015-06-17 17:40:00,2015-06-17 16:10:00,2014-12-11 00:00:00,2014-07-24 00:00:00,2013-05-17 00:00:00,2012-04-13 10:00:00,2012-04-13 00:00:00,2011-09-29 00:00:00,2011-04-06 20:51:00,2010-08-10 00:00:00,2009-08-18 00:00:00,2009-08-16 01:00:00,2008-06-12 00:00:00,2008-06-11 00:00:00,2007-05-15 23:59:00,2007-05-15 00:00:00,2006-06-15 00:00:00,2004-08-17 00:00:00,2003-06-17 00:00:00,2002-05-01 00:00:00,2002-04-23 00:00:00,2001-11-30 00:00:00,2000-06-13 00:00:00,1999-01-25 00:00:00,1998-06-23 00:00:00,1995-01-23 23:00:00,1993-07-13 23:00:00,1992-08-12 23:00:00,1991-12-05 23:00:00",Atlantic City,,,,,,,,,,,,,,,,,,,,,,,,,,,,,,,,,,,,,,,,,,,,,,,3403
3422,Baltimore,bamd,,39.267,-76.578,USA,web,National Ocean Service-NOAA ( USA ),336577DA,0.44,13:48,17',6',2006-06-07 04:30:00,1672,1680.0,100.0,7176,7200.0,100.0,100.0,6',12',6',Baltimore,BLTM2,MD,active,"2023-06-28 00:00:00,2022-07-29 14:00:00,2021-08-18 00:00:00,2021-08-17 10:00:00,2019-06-28 00:00:00,2019-04-17 10:05:00,2018-10-25 15:00:00,2017-05-24 15:30:00,2017-05-24 00:00:00,2017-05-23 00:00:00,2016-11-03 00:00:00,2016-05-05 00:00:00,2014-08-22 09:00:00,2013-05-07 00:00:00,2012-05-08 12:00:00,2011-03-24 00:00:00,2010-05-27 00:00:00,2009-08-10 00:00:00,2008-05-13 00:00:00,2006-12-13 23:59:00,2006-12-13 00:00:00,2006-12-12 23:59:00,2006-12-12 00:01:00,2006-12-12 00:00:00,2006-06-21 00:00:00,2004-11-19 00:00:00,2004-04-06 00:00:00,2002-10-03 00:00:00,2002-07-04 00:00:00,2001-10-23 00:00:00,2001-03-13 00:00:00,1999-01-27 00:00:00,1997-06-16 00:00:00,1991-12-11 23:00:00,1990-11-29 23:00:00,1900-01-01 00:00:00",Baltimore,,,,,,,,,,,,8574680,,,,,,,,,,,,,,,baltimore-8574680-usa-noaa,NOAA,National Oceanic and Atmospheric Administration,https://api.tidesandcurrents.noaa.gov/api/prod/,co-ops.userservices@noaa.gov,National Oceanic and Atmospheric Administration,https://api.tidesandcurrents.noaa.gov/api/prod/,co-ops.userservices@noaa.gov,Unspecified,1902-01-01 01:00:00,2021-08-31 23:00:00,120.0,0.0,Station Datum,Unspecified,Unspecified,-99.9999,Coastal,No obvious issues,Baltimore,3422
3423,Bar Harbor,bame,,44.392,-68.205,USA,web,National Ocean Service-NOAA ( USA ),336747B4,2.15,13:54,11',6',2008-06-21 00:00:00,1680,1680.0,100.0,7187,7200.0,100.0,100.0,6',8',6',Bar Harbor,ATGM1,ME,active,"2023-09-18 00:00:00,2022-09-19 00:00:00,2021-03-22 11:14:00,2018-08-06 00:00:00,2017-08-14 13:12:00,2015-06-10 00:00:00,2013-06-24 15:00:00,2012-07-27 15:05:00,2011-08-15 12:24:00,2010-09-20 16:27:00,2010-09-20 16:19:00,2009-09-24 00:00:00,2008-08-08 00:00:00,2007-07-20 23:59:00,2007-07-20 00:00:00,2006-07-15 00:00:00,2005-08-25 00:00:00,2004-08-19 00:00:00,2003-07-31 00:00:00,2002-01-02 00:00:00,2001-11-07 23:59:00,2001-06-11 00:00:00,2000-08-04 00:00:00,1901-08-13 00:00:00,1901-01-01 00:00:00",Bar Harbor,,,,,,,,,,,,,,,,,,,,,,,,,,,,,,,,,,,,,,,,,,,,,,,3423
3477,Beaufort,benc,,34.72,-76.67,USA,web,National Ocean Service-NOAA ( USA ),3364C6AE,1.53,13:57,8',6',2008-06-21 00:00:00,10079,10080.0,100.0,43193,43200.0,100.0,100.0,1',3',6',Beaufort,,,,,,,,,,,,,,,,,8656483,,,,,,,,,,,,,,,beaufort-8656483-usa-noaa,NOAA,National Oceanic and Atmospheric Administration,https://api.tidesandcurrents.noaa.gov/api/prod/,co-ops.userservices@noaa.gov,National Oceanic and Atmospheric Administration,https://api.tidesandcurrents.noaa.gov/api/prod/,co-ops.userservices@noaa.gov,Unspecified,1967-01-01 01:00:00,2021-07-31 23:00:00,50.0,0.0,Station Datum,Unspecified,Unspecified,-99.9999,Coastal,No obvious issues,Beaufort,3477
3547,Boston,boma,,42.355,-71.052,USA,web,National Ocean Service-NOAA ( USA ),335E54EE,1.68,13:54,11',6',2008-06-21 00:00:00,1679,1680.0,100.0,7129,7200.0,99.0,100.0,6',6',6',Boston,BHBM3,MA,active,"2021-04-21 00:00:00,2019-09-26 00:00:00,2019-09-25 18:42:00,2017-06-16 15:31:00,2017-06-16 15:25:00,2017-06-16 15:24:00,2017-06-16 00:00:00,2016-09-13 00:00:00,2015-06-10 14:18:00,2013-12-08 00:00:00,2013-09-04 14:00:00,2013-09-04 00:00:00,2012-08-17 15:09:00,2011-09-25 00:00:00,2010-07-31 00:00:00,2010-07-30 14:18:00,2009-09-16 00:00:00,2008-08-07 00:00:00,2007-07-18 23:59:00,2007-07-18 00:00:00,2006-08-09 00:00:00,2005-09-12 00:00:00,2004-08-25 00:00:00,2003-08-13 00:00:00,2002-08-03 00:00:00,2001-10-11 00:00:00,2001-09-12 00:00:00,2000-08-26 00:00:00,1998-06-15 00:00:00,1995-08-31 23:00:00,1993-10-24 23:00:00,1991-10-29 23:00:00",Boston,,,,,,,,,,,,8443970,,,,,,,,,,,,,,,boston-8443970-usa-noaa,NOAA,National Oceanic and Atmospheric Administration,https://api.tidesandcurrents.noaa.gov/api/prod/,co-ops.userservices@noaa.gov,National Oceanic and Atmospheric Administration,https://api.tidesandcurrents.noaa.gov/api/prod/,co-ops.userservices@noaa.gov,Unspecified,1921-01-01 01:00:00,2021-08-31 23:00:00,101.0,0.0,Station Datum,Unspecified,Unspecified,-99.9999,Coastal,No obvious issues,Boston,3547
3565,Bridgeport,bgct,,41.173,-73.182,USA,web,National Ocean Service-NOAA ( USA ),3372E712,1.3,13:54,11',6',2006-06-07 04:30:00,1680,1680.0,100.0,7200,7200.0,100.0,100.0,6',6',6',Bridgeport,BRHC3,CT,active,"2016-12-07 00:00:00,2016-12-06 17:24:00,2016-11-21 00:00:00,2016-06-09 00:00:00,2015-09-03 00:01:00,2015-09-01 00:00:00,2013-11-19 00:00:00,2013-07-16 00:00:00,2012-06-12 10:11:00,2011-07-28 12:00:00,2010-08-03 10:30:00,2009-11-17 00:00:00,2008-07-29 12:00:00,2008-07-29 00:00:00,2008-07-24 00:00:00,2007-06-29 23:59:00,2007-06-29 00:00:00,2006-08-03 00:00:00,2005-06-07 00:00:00,2004-07-29 00:00:00,2003-07-15 00:00:00,2002-08-10 00:00:00,2002-02-25 00:00:00,2001-07-18 00:00:00,2000-08-29 00:00:00,1998-09-23 00:00:00,1997-07-23 00:00:00,1993-11-11 23:00:00,1992-11-12 00:00:00,1991-11-19 00:00:00",Bridgeport,,,,,,,,,,,,8467150,,,,,,,,,,,,,,,bridgeport-8467150-usa-noaa,NOAA,National Oceanic and Atmospheric Administration,https://api.tidesandcurrents.noaa.gov/api/prod/,co-ops.userservices@noaa.gov,National Oceanic and Atmospheric Administration,https://api.tidesandcurrents.noaa.gov/api/prod/,co-ops.userservices@noaa.gov,Unspecified,1970-01-01 01:00:00,2021-07-31 23:00:00,52.0,0.0,Station Datum,Unspecified,Unspecified,-99.9999,Coastal,No obvious issues,Bridgeport,3565
3654,Charlotte-Amalie,amal,,18.335,-64.92,USA,web,National Ocean Service-NOAA ( USA )+International Tsunami Information Center Caribbean Office ( USA ),3364A348,0.35,13:54,11',6',2010-03-08 11:51:00,1680,1680.0,100.0,7200,7200.0,100.0,100.0,6',6',6',Charlotte-Amalie,,,,,,,,,,,,,,,,,,,,,,,,,,,,,,,,,,,,,,,,,,,,,,,,,,,,3654
3664,Cherry Point,chrp,,48.863,-122.758,USA,web,National Ocean Service-NOAA ( USA ),336BB6AC,2.32,13:58,7',6',2006-06-07 04:30:00,10073,10080.0,100.0,43180,43200.0,100.0,100.0,1',6',6',Cherry Point,CHYW1,WA,active,"2011-05-17 13:00:00,2011-05-16 23:59:00,2011-04-20 18:00:00,2010-05-13 00:00:00,2010-05-10 00:00:00,2008-08-14 00:00:00,2006-07-31 00:00:00,2006-07-29 23:59:00,2006-07-29 00:00:00,1995-04-26 23:00:00",Cherry Point,,,,,,,,,,,,,,,,,,,,,,,,,,,,,,,,,,,,,,,,,,,,,,,3664
3694,Clearwater Beach,cwfl,,27.978,-82.832,USA,web,National Ocean Service-NOAA ( USA ),3358C142,0.18,13:57,8',5',2008-06-24 00:00:00,10074,10080.0,100.0,43181,43200.0,100.0,100.0,1',3',5',Clearwater Beach,CWBF1,FL,active,"2023-03-07 00:00:00,2022-05-23 00:00:00,2022-05-17 00:00:00,2019-03-13 17:42:00,2018-01-17 16:18:00,2017-03-22 00:00:00,2017-01-15 18:51:00,2016-01-18 00:00:00,2015-02-02 00:00:00,2014-02-15 00:00:00,2013-02-18 10:00:00,2012-01-28 08:23:00,2011-02-16 21:36:00,2010-03-09 00:00:00,2010-03-08 00:00:00,2009-04-22 14:42:00,2009-04-21 00:00:00,2009-04-20 00:00:00,2008-03-20 00:00:00,2007-02-16 00:00:00,2006-03-16 00:00:00,2005-03-01 00:00:00,2005-02-28 12:00:00,2005-02-27 23:59:00,2005-02-26 23:59:00,2005-02-26 00:00:00,2004-03-11 00:00:00,2003-03-01 00:00:00,2002-02-25 00:00:00,2001-04-28 00:00:00,2000-04-10 00:00:00,1999-02-16 00:00:00,1998-03-06 00:00:00,1998-02-12 00:00:00,1997-03-09 00:00:00",Clearwater Beach,,,,,,,,,,,,,,,,,,,,,,,,,,,,,,,,,,,,,,,,,,,,,,,3694
3758,Crescent City,cres,,41.745,-124.183,USA,web,National Ocean Service-NOAA ( USA ),33622592,0.89,13:53,12',6',2008-06-21 00:00:00,9920,10080.0,98.0,43073,43200.0,100.0,100.0,1',9',6',Crescent City,CECC1,CA,active,"2022-03-09 11:00:00,2022-03-08 22:30:00,2022-03-08 12:00:00,2017-10-19 19:18:00,2017-10-17 21:56:00,2017-10-17 19:12:00,2017-05-16 17:32:00,2016-10-07 16:32:00,2015-10-09 22:20:00,2014-11-22 13:00:00,2013-05-15 17:40:00,2011-12-15 18:22:00,2011-04-30 16:00:00,2010-02-05 14:55:00,2009-07-23 00:00:00,2008-07-18 00:00:00,2008-07-17 00:00:00,2007-07-29 00:00:00,2006-08-29 00:00:00,2005-07-12 23:59:00,2005-07-12 00:00:00,2004-09-21 00:00:00,2003-09-07 00:00:00,2003-09-06 00:00:00,2002-09-11 00:00:00,2001-09-22 00:00:00,2000-09-21 23:59:00,2000-09-21 00:00:00,1998-08-20 00:00:00,1996-10-24 00:00:00,1995-09-03 23:00:00,1993-12-16 23:59:00,1993-09-20 00:00:00,1992-09-06 00:00:00,1991-09-29 00:00:00,1990-09-22 00:00:00",Crescent City,,,,,,,,,,,,,,,,,,,,,,,,,,,,,,,,,,,,,,,,,,,,,,,3758
3794,DART ESE of Saipan,dkwa,,11.926,153.907,USA,web,National Ocean Service-NOAA ( USA ),DD52402,5887.4,12:00,2h,6h,2023-02-28 15:55:28,672,672.0,100.0,2880,2880.0,100.0,100.0,15',33',6h,DART ESE of Saipan,,,,,,,,,,,,,,,,,,,,,,,,,,,,,,,,,,,,,,,,,,,,,,,,,,,,3794
3819,DART South of Attu,datu,,50.153,171.897,USA,web,National Ocean Service-NOAA ( USA ),DD21415,4769.53,12:00,2h,6h,2023-02-28 15:55:28,644,672.0,96.0,2864,2880.0,99.0,100.0,15',33',6h,DART South of Attu,,,,,,,,,,,,,,,,,,,,,,,,,,,,,,,,,,,,,,,,,,,,,,,,,,,,3819
3875,Duck Pier,dpnc,219.0,36.183,-75.747,USA,web,National Ocean Service-NOAA ( USA ),335DD5F4,1.48,13:57,8',5',2008-06-06 00:00:00,10080,10080.0,100.0,43200,43200.0,100.0,100.0,1',3',5',Duck Pier,,,,,,,,,,,,,,,,,,,,,,,,,,,,,,,,,,,,,,,,,,,,,,,,,,,,3875
3887,Dutch Hbr Unalaska,dutc,102.0,53.883,-166.533,USA,web,National Ocean Service-NOAA ( USA ),3360A672,0.33,13:53,12',6',2008-06-06 00:00:00,10069,10080.0,100.0,43183,43200.0,100.0,100.0,1',7',6',Dutch Hbr Unalaska,,,,,,,,,,,,,,,,,,,,,,,,,,,,,,,,,,,,,,,,,,,,,,,,,,,,3887
3928,Elfin Cove,elak,,58.193,-136.343,USA,web,National Ocean Service-NOAA ( USA ),33604580,1.8,13:59,6',6',2008-06-21 00:00:00,10070,10080.0,100.0,43168,43200.0,100.0,100.0,1',5',6',Elfin Cove,ELFA2,AK,active,"2018-05-02 00:00:00,2011-07-22 00:00:00,2009-08-27 23:59:00,2009-08-27 00:00:00",Elfin Cove,,,,,,,,,,,,,,,,,,,,,,,,,,,,,,,,,,,,,,,,,,,,,,,3928
4015,"Ft Point,San Fran",fpnt,158.0,37.807,-122.465,USA,web,National Ocean Service-NOAA ( USA ),336172E0,0.89,13:50,15',6',2008-06-06 00:00:00,10060,10080.0,100.0,43161,43200.0,100.0,100.0,1',10',6',"Ft Point,San Fran",,,,,,,,,,,,,,,,,,,,,,,,,,,,,,,,,,,,,,,,,,,,,,,,,,,,4015
4102,Guam (Apra Harbor),guam,149.0,13.438,144.652,USA,web,National Ocean Service-NOAA ( USA ),APRP7,0.31,13:54,11',6',2010-03-26 13:35:00,1680,1680.0,100.0,7196,7200.0,100.0,100.0,6',8',6',Guam (Apra Harbor),,,,,,,,,,,,,,,,,,,,,,,,,,,,,,,,,,,,,,,,,,,,,,,,,,,,4102
4151,"Hilo,Hawaii",hilo,287.0,19.733,-155.058,USA,web,National Ocean Service-NOAA ( USA ),,0.92,13:56,9',6',2010-03-26 13:57:00,10000,10080.0,99.0,42939,43200.0,99.0,97.0,1',6',6',"Hilo,Hawaii",,,,,,,,,,,,,,,,,,,,,,,,,,,,,,,,,,,,,,,,,,,,,,,,,,,,4151
4242,"Kahului, Maui",kahu,,20.898,-156.472,USA,web,National Ocean Service-NOAA ( USA ),33518414,0.9,13:53,12',6',2010-03-26 13:45:00,10024,10080.0,99.0,42980,43200.0,99.0,100.0,1',7',6',"Kahului, Maui",,,,,,,,,,,,,,,,,,,,,,,,,,,,,,,,,,,,,,,,,,,,,,,,,,,,4242
4253,"Kawaihae, Hawaii",kawa,,20.036,-155.832,USA,web,National Ocean Service-NOAA ( USA ),335FC376,0.8,13:56,9',6',2010-03-26 13:45:00,10029,10080.0,99.0,42885,43200.0,99.0,98.0,1',8',6',"Kawaihae, Hawaii",,,,,,,,,,,,,,,,,,,,,,,,,,,,,,,,,,,,,,,,,,,,,,,,,,,,4253
4271,Key West,kwfl,216.0,24.553,-81.808,USA,web,National Ocean Service-NOAA ( USA ),336717C8,0.44,13:52,13',6',2008-06-06 00:00:00,10055,10080.0,100.0,43168,43200.0,100.0,100.0,1',8',6',Key West,KYWF1,FL,active,"2023-01-21 00:00:00,2022-01-31 00:00:00,2020-05-08 09:30:00,2018-08-27 00:00:00,2018-08-26 09:31:00,2018-08-26 09:30:00,2018-08-26 09:00:00,2018-02-22 00:00:00,2018-02-21 00:00:00,2016-02-29 11:00:00,2016-02-29 00:00:00,2015-06-17 00:00:00,2015-02-17 00:00:00,2014-02-08 00:00:00,2013-02-26 07:13:00,2013-02-15 00:00:00,2012-02-04 16:00:00,2011-04-12 22:50:00,2011-04-11 00:00:00,2010-04-13 00:00:00,2010-04-10 00:00:00,2009-06-08 17:29:00,2009-03-11 00:00:00,2008-05-15 00:00:00,2007-05-14 00:00:00,2006-05-08 23:59:00,2006-05-08 00:00:00,2005-02-12 00:00:00,2005-02-11 00:00:00,2004-04-29 00:00:00,2004-04-20 00:00:00,2003-04-01 00:00:00,2002-04-29 00:00:00,2001-04-20 00:00:00,2001-02-14 00:00:00,2000-03-08 00:00:00,1999-03-01 00:00:00,1998-02-10 00:00:00,1996-04-24 23:00:00,1993-03-17 23:00:00,1993-03-15 00:00:00,1901-01-01 00:00:00",Key West,,,,,,,,,,,,,,,,,,,,,,,,,,,,,,,,,,,,,,,,,,,,,,,4271
4299,La Jolla,lajo,159.0,32.867,-117.258,USA,web,National Ocean Service-NOAA ( USA ),3361F4F4,1.14,13:48,17',6',2008-06-06 00:00:00,1680,1680.0,100.0,7200,7200.0,100.0,100.0,6',12',6',La Jolla,LJAC1,CA,active,"2022-05-03 15:45:00,2018-08-09 00:00:00,2018-08-08 00:00:00,2017-03-30 18:36:00,2017-03-29 23:58:00,2016-09-22 23:59:00,2016-04-07 22:50:00,2015-03-27 11:00:00,2014-03-15 22:00:00,2014-02-21 00:00:00,2013-04-13 19:22:00,2012-02-23 18:45:00,2011-03-25 16:00:00,2011-03-24 21:57:00,2010-04-17 00:00:00,2009-04-13 00:00:00,2009-04-12 00:00:00,2007-12-27 00:00:00,2007-07-25 00:00:00,2007-06-10 00:00:00,2006-07-06 00:00:00,2006-04-08 23:59:00,2006-04-08 00:00:00,2005-04-24 00:00:00,2004-04-01 00:00:00,2003-05-06 00:00:00,2002-04-30 00:00:00,2002-04-29 00:00:00,2001-04-10 00:00:00,2000-04-22 00:00:00,1998-10-28 00:00:00,1996-09-04 00:00:00,1995-08-08 23:00:00,1994-08-02 23:00:00,1993-08-28 00:00:00,1992-09-27 00:00:00,1991-10-29 00:00:00,1990-10-24 00:00:00",La Jolla,,,,,,,,,,,,,,,,,,,,,,,,,,,,,,,,,,,,,,,,,,,,,,,4299
4343,Limetree,lime,,17.695,-64.754,USA,web,National Ocean Service-NOAA ( USA )+International Tsunami Information Center Caribbean Office ( USA ),3364B03E,0.29,13:57,8',6',2010-03-08 12:09:00,9990,10080.0,99.0,43038,43200.0,100.0,99.0,1',7',6',Limetree,,,,,,,,,,,,,,,,,,,,,,,,,,,,,,,,,,,,,,,,,,,,,,,,,,,,4343
4714,"Pago Bay, Guam",pagb,,13.428,144.797,USA,web,National Ocean Service-NOAA ( USA ),,0.14,13:54,11',6',2008-09-16 00:00:00,1680,1680.0,100.0,7198,7200.0,100.0,100.0,6',9',6',"Pago Bay, Guam",PGBP7,,active,,"Pago Bay, Guam",,,,,,,,,,,,,,,,,,,,,,,,,,,,,,,,,,,,,,,,,,,,,,,4714
4814,Port San Luis,pslu,,35.168,-120.753,USA,web,National Ocean Service-NOAA ( USA ),336A07D8,0.98,13:57,8',6',2006-06-07 04:30:00,9732,10080.0,97.0,41986,43200.0,97.0,98.0,1',6',6',Port San Luis,PSLC1,CA,active,"2023-02-27 22:30:00,2020-03-07 00:00:00,2018-03-11 00:00:00,2016-10-26 00:00:00,2016-03-14 23:58:00,2016-03-14 22:40:00,2015-03-08 00:20:00,2014-05-21 00:01:00,2014-03-25 14:00:00,2014-02-19 05:30:00,2013-12-03 18:00:00,2013-04-26 15:21:00,2012-03-03 20:00:00,2011-02-28 19:34:00,2010-04-28 19:09:00,2010-04-28 00:00:00,2009-08-01 10:35:00,2009-05-02 00:00:00,2009-04-29 00:00:00,2008-04-26 00:00:00,2007-06-16 00:00:00,2006-04-25 23:59:00,2006-04-25 00:00:00,2005-04-09 00:00:00,2003-04-25 00:00:00,2002-04-21 00:00:00,2001-04-05 00:00:00,2000-04-14 00:00:00,1998-10-21 00:00:00,1996-09-18 23:59:00,1996-09-16 00:00:00,1995-08-24 23:00:00,1993-09-04 23:00:00,1992-09-25 23:00:00,1991-10-12 23:00:00,1990-10-16 00:00:00",Port San Luis,,,,,,,,,,,,,,,,,,,,,,,,,,,,,,,,,,,,,,,,,,,,,,,4814
5034,Sand Point,sdpt,100.0,55.337,-160.502,USA,web,National Ocean Service-NOAA ( USA ),33602066,2.12,13:58,7',6',2008-06-06 00:00:00,10067,10080.0,100.0,43159,43200.0,100.0,100.0,1',6',6',Sand Point,SNDA2,AK,active,"2023-05-31 22:05:00,2020-07-10 00:00:00,2020-07-09 23:30:00,2019-04-21 22:59:00,2018-04-25 00:59:00,2018-04-24 00:00:00,2017-05-01 02:02:00,2016-06-24 23:07:00,2016-06-22 00:00:00,2016-04-15 23:58:00,2014-07-14 00:00:00,2013-07-16 00:00:00,2013-07-15 00:00:00,2012-06-14 20:42:00,2011-05-25 00:00:00,2010-06-16 00:00:00,2009-06-23 00:00:00,2008-06-19 00:00:00,2007-06-21 00:00:00,2006-04-04 00:00:00,2005-12-28 23:59:00,2005-07-11 23:59:00,2005-07-11 00:00:00,2004-04-01 00:00:00,2003-07-03 00:00:00,2002-08-25 00:00:00,2001-08-04 00:00:00,2000-06-13 00:00:00,1998-07-12 00:00:00,1997-07-11 00:00:00,1995-07-04 23:00:00,1993-06-27 00:00:00,1992-07-18 00:00:00",Sand Point,,,,,,,,,,,,,,,,,,,,,,,,,,,,,,,,,,,,,,,,,,,,,,,5034
5118,Sitka,sitk,154.0,57.052,-135.342,USA,web,National Ocean Service-NOAA ( USA ),33625302,1.94,13:57,8',6',2008-06-06 00:00:00,10074,10080.0,100.0,43188,43200.0,100.0,100.0,1',3',6',Sitka,ITKA2,AK,active,"2023-05-30 22:00:00,2019-09-17 00:00:00,2017-05-28 11:00:00,2017-05-27 00:00:00,2017-05-26 00:00:00,2015-05-23 00:00:00,2014-05-25 23:00:00,2012-06-06 00:00:00,2011-05-11 00:00:00,2010-05-09 00:00:00,2009-10-22 00:00:00,2009-08-23 00:00:00,2008-08-27 00:00:00,2007-06-02 00:00:00,2006-06-03 00:00:00,2006-06-01 00:00:00,2005-07-30 00:00:00,2005-07-29 23:59:00,2005-07-29 00:00:00,2004-05-20 00:00:00,2003-05-24 00:00:00,2001-05-24 00:00:00,1999-05-06 00:00:00,1998-05-21 00:00:00,1997-06-30 00:00:00,1996-05-10 23:00:00,1995-07-26 23:00:00,1993-06-07 00:00:00,1992-06-07 23:00:00,1991-06-08 23:00:00,1990-07-08 23:00:00",Sitka,,,,,,,,,,,,9451600,,,,,,,,,,,,,,,sitka-9451600-usa-noaa,NOAA,National Oceanic and Atmospheric Administration,https://api.tidesandcurrents.noaa.gov/api/prod/,co-ops.userservices@noaa.gov,National Oceanic and Atmospheric Administration,https://api.tidesandcurrents.noaa.gov/api/prod/,co-ops.userservices@noaa.gov,Unspecified,1938-01-01 01:00:00,2021-08-31 23:00:00,84.0,0.0,Station Datum,Unspecified,Unspecified,-99.9999,Coastal,No obvious issues,Sitka,5118
5414,"Westport, WA",wpwa,,46.908,-124.11,USA,web,National Ocean Service-NOAA ( USA ),33632768,1.32,13:53,12',6',2006-06-07 04:30:00,10070,10080.0,100.0,43166,43200.0,100.0,100.0,1',8',6',"Westport, WA",,,,,,,,,,,,,,,,,,,,,,,,,,,,,,,,,,,,,,,,,,,,,,,,,,,,5414
5451,"Woods Hole, MA",wood,,41.523,-70.672,USA,web,National Ocean Service-NOAA ( USA ),3340A79C,1.08,13:57,8',6',2009-02-06 00:00:00,10079,10080.0,100.0,42504,43200.0,98.0,100.0,1',3',6',"Woods Hole, MA",,,,,,,,,,,,,,,,,,,,,,,,,,,,,,,,,,,,,,,,,,,,,,,,,,,,5451
5462,Yakutat,yaku,,59.548,-139.735,USA,web,National Ocean Service-NOAA ( USA ),336B0522,2.04,13:55,10',6',2006-06-07 04:30:00,10068,10080.0,100.0,43123,43200.0,100.0,100.0,1',8',6',Yakutat,,,,,,,,,,,,,,,,,9453220,,,,,,,,,,,,,,,yakutat-9453220-usa-noaa,NOAA,National Oceanic and Atmospheric Administration,https://api.tidesandcurrents.noaa.gov/api/prod/,co-ops.userservices@noaa.gov,National Oceanic and Atmospheric Administration,https://api.tidesandcurrents.noaa.gov/api/prod/,co-ops.userservices@noaa.gov,Unspecified,1961-01-01 01:00:00,2021-08-31 23:00:00,61.0,0.0,Station Datum,Unspecified,Unspecified,-99.9999,Coastal,No obvious issues,Yakutat,5462
6129,Colombo,colo,33.0,6.941,79.85,Sri Lanka,SWIO40,National Aquatic Resources Research and Development Agency ( Sri Lanka ) +University of Hawaii Sea Level Center ( USA ),0650018E,1.39,12:15,13',15',2006-06-21 17:21:00,10035,10080.0,100.0,44460,44640.0,100.0,98.0,1',3',15',Colombo,,,,,,,,,,,,,,,,,,,,,,,,,,,,,,,,,,,,,,,,,,,,,,,,,,,,6129
6141,DART New Zealand E Coast,dnze,,-36.049,-177.708,New Zealand,web,GNS Science ( New Zealand ),5401001,5776.6,06:00,6h,6h,2023-04-03 15:25:11,672,672.0,100.0,2956,2976.0,99.0,100.0,15',30',6h,DART New Zealand E Coast,,,,,,,,,,,,,,,,,,,,,,,,,,,,,,,,,,,,,,,,,,,,,,,,,,,,6141
6161,Prince Rupert,prin2,155.0,54.317,-130.317,Canada,web,Fisheries and Oceans Canada ( Canada ),,6.28,12:27,1',10',2018-10-29 11:57:10,10075,10080.0,100.0,44632,44640.0,100.0,100.0,1',,10',Prince Rupert,,,,,,,,,,,,,,,,,,,,,,,,,,,,,,,,,,,,,,,,,,,,,,,,,,,,6161
